{"error_HSGS": [0.2593, 0.3333, 0.2593, 0.1852, 0.3333, 0.2963, 0.2593, 0.3333, 0.3333, 0.2222, 0.2593, 0.2963, 0.2593, 0.2593, 0.2593, 0.3333, 0.2963, 0.2593, 0.2963, 0.1852, 0.1852, 0.3704, 0.2222, 0.3333, 0.3333, 0.3333, 0.2963, 0.3704, 0.3333, 0.2222], "error_encoding": [0.1481, 0.1481, 0.1481, 0.1481, 0.1481, 0.1481, 0.1481, 0.1481, 0.1481, 0.1481, 0.1481, 0.1481, 0.1481, 0.1481, 0.1481, 0.1481, 0.1481, 0.1481, 0.1481, 0.1481, 0.1481, 0.1481, 0.1481, 0.1481, 0.1481, 0.1481, 0.1111, 0.1481, 0.1481, 0.1481], "error_classic": [0.1111, 0.1111, 0.1111, 0.1111, 0.1111, 0.1111, 0.1111, 0.1111, 0.1111, 0.1111, 0.1111, 0.1111, 0.1111, 0.1111, 0.1111, 0.1111, 0.1111, 0.1111, 0.1111, 0.1111, 0.1111, 0.1111, 0.1111, 0.1111, 0.1111, 0.1111, 0.1111, 0.1111, 0.1111, 0.1111], "error_classic_bin": [0.3333, 0.3333, 0.3333, 0.3333, 0.3333, 0.3333, 0.3333, 0.3333, 0.3333, 0.3333, 0.3333, 0.3333, 0.3333, 0.3333, 0.3333, 0.3333, 0.3333, 0.3333, 0.3333, 0.3333, 0.3333, 0.3333, 0.3333, 0.3333, 0.3333, 0.3333, 0.3333, 0.3333, 0.3333, 0.3333], "weights_learned_HSGS": [[0.118628321768, -0.118628321768, -0.353219052121, 0.118628321768, -0.353219052121, 0.118628321768, 0.118628321768, -0.353219052121, -0.353219052121, 0.353219052121, 0.118628321768, -0.118628321768, 0.118628321768, -0.118628321768, -0.353219052121, 0.353219052121], [0.077525512861, 0.344948974279, 0.344948974278, 0.077525512861, 0.344948974279, -0.077525512861, -0.077525512861, 0.344948974279, 0.344948974279, -0.077525512861, -0.077525512861, 0.344948974278, 0.077525512861, 0.344948974279, 0.344948974278, 0.077525512861]], "weights_learned_encoding": [[0.258523020722, -0.258523020722, -0.238594883734, 0.258523020722, -0.238594883734, 0.258523020722, 0.258523020722, -0.238594883734, -0.238594883734, 0.238594883734, 0.258523020722, -0.258523020722, 0.258523020722, -0.258523020722, -0.238594883734, 0.238594883734], [0.054364326479, 0.349348708322, 0.349348708322, 0.054364326479, 0.349348708322, -0.054364326479, -0.054364326479, 0.349348708322, 0.349348708322, -0.054364326479, -0.054364326479, 0.349348708322, 0.054364326479, 0.349348708322, 0.349348708322, 0.054364326479]], "weights_learned_classic": [[0.241073367946, -0.241073367946, -0.261028920511, 0.241073367946, -0.261028920511, 0.241073367946, 0.241073367946, -0.261028920511, -0.261028920511, 0.261028920511, 0.241073367946, -0.241073367946, 0.241073367946, -0.241073367946, -0.261028920511, 0.261028920511], [0.055075785728, 0.349237251488, 0.349237251487, 0.055075785728, 0.349237251488, -0.055075785728, -0.055075785728, 0.349237251488, 0.349237251488, -0.055075785728, -0.055075785728, 0.349237251487, 0.055075785728, 0.349237251488, 0.349237251487, 0.055075785728]], "weights_learned_classic_bin": [[0.118657086573, -0.118657086573, -0.35320662958, 0.118657086573, -0.35320662958, 0.118657086573, 0.118657086573, -0.35320662958, -0.35320662958, 0.35320662958, 0.118657086573, -0.118657086573, 0.118657086573, -0.118657086573, -0.35320662958, 0.35320662958], [0.077525512861, 0.344948974279, 0.344948974278, 0.077525512861, 0.344948974279, -0.077525512861, -0.077525512861, 0.344948974279, 0.344948974279, -0.077525512861, -0.077525512861, 0.344948974278, 0.077525512861, 0.344948974279, 0.344948974278, 0.077525512861]]}