{"error_HSGS": [0.3333, 0.2963, 0.2963, 0.3333, 0.2963, 0.3333, 0.3333, 0.3333, 0.2963, 0.2963, 0.3333, 0.3333, 0.3333, 0.2963, 0.3333, 0.2963, 0.2963, 0.2963, 0.3333, 0.2963, 0.3333, 0.3333, 0.3333, 0.2963, 0.2963, 0.3333, 0.2963, 0.2963, 0.3333, 0.2963], "error_encoding": [0.037, 0.037, 0.037, 0.037, 0.037, 0.037, 0.037, 0.037, 0.037, 0.037, 0.037, 0.037, 0.037, 0.037, 0.037, 0.037, 0.037, 0.037, 0.037, 0.037, 0.037, 0.037, 0.037, 0.037, 0.037, 0.037, 0.037, 0.037, 0.037, 0.037], "error_classic": [0.037, 0.037, 0.037, 0.037, 0.037, 0.037, 0.037, 0.037, 0.037, 0.037, 0.037, 0.037, 0.037, 0.037, 0.037, 0.037, 0.037, 0.037, 0.037, 0.037, 0.037, 0.037, 0.037, 0.037, 0.037, 0.037, 0.037, 0.037, 0.037, 0.037], "error_classic_bin": [0.3333, 0.3333, 0.3333, 0.3333, 0.3333, 0.3333, 0.3333, 0.3333, 0.3333, 0.3333, 0.3333, 0.3333, 0.3333, 0.3333, 0.3333, 0.3333, 0.3333, 0.3333, 0.3333, 0.3333, 0.3333, 0.3333, 0.3333, 0.3333, 0.3333, 0.3333, 0.3333, 0.3333, 0.3333, 0.3333], "weights_learned_HSGS": [[0.118596840834, -0.118596840834, -0.353232643714, 0.118596840834, -0.353232643714, 0.118596840834, 0.118596840834, -0.353232643714, -0.353232643714, 0.353232643714, 0.118596840834, -0.118596840834, 0.118596840834, -0.118596840834, -0.353232643714, 0.353232643714], [0.077525512861, 0.344948974279, 0.344948974278, 0.077525512861, 0.344948974279, -0.077525512861, -0.077525512861, 0.344948974279, 0.344948974279, -0.077525512861, -0.077525512861, 0.344948974278, 0.077525512861, 0.344948974279, 0.344948974278, 0.077525512861]], "weights_learned_encoding": [[0.258608243196, -0.258608243196, -0.238476111101, 0.258608243196, -0.238476111101, 0.258608243196, 0.258608243196, -0.238476111101, -0.238476111101, 0.238476111101, 0.258608243196, -0.258608243196, 0.258608243196, -0.258608243196, -0.238476111101, 0.238476111101], [0.05520530276, 0.349216801639, 0.349216801639, 0.05520530276, 0.349216801639, -0.05520530276, -0.05520530276, 0.349216801639, 0.349216801639, -0.05520530276, -0.05520530276, 0.349216801639, 0.05520530276, 0.349216801639, 0.349216801639, 0.05520530276]], "weights_learned_classic": [[0.241073367946, -0.241073367946, -0.261028920511, 0.241073367946, -0.261028920511, 0.241073367946, 0.241073367946, -0.261028920511, -0.261028920511, 0.261028920511, 0.241073367946, -0.241073367946, 0.241073367946, -0.241073367946, -0.261028920511, 0.261028920511], [0.055075785728, 0.349237251488, 0.349237251487, 0.055075785728, 0.349237251488, -0.055075785728, -0.055075785728, 0.349237251488, 0.349237251488, -0.055075785728, -0.055075785728, 0.349237251487, 0.055075785728, 0.349237251488, 0.349237251487, 0.055075785728]], "weights_learned_classic_bin": [[0.118657086573, -0.118657086573, -0.35320662958, 0.118657086573, -0.35320662958, 0.118657086573, 0.118657086573, -0.35320662958, -0.35320662958, 0.35320662958, 0.118657086573, -0.118657086573, 0.118657086573, -0.118657086573, -0.35320662958, 0.35320662958], [0.077525512861, 0.344948974279, 0.344948974278, 0.077525512861, 0.344948974279, -0.077525512861, -0.077525512861, 0.344948974279, 0.344948974279, -0.077525512861, -0.077525512861, 0.344948974278, 0.077525512861, 0.344948974279, 0.344948974278, 0.077525512861]]}