{"error_HSGS": [0.0, 0.0, 0.0, 0.0, 0.0, 0.0, 0.0, 0.0, 0.0, 0.0, 0.0, 0.0, 0.0, 0.0, 0.0, 0.0, 0.0, 0.0, 0.0, 0.0, 0.0, 0.0, 0.0, 0.0, 0.0, 0.0, 0.0, 0.0, 0.0, 0.0], "error_encoding": [0.0, 0.0, 0.0, 0.0, 0.0, 0.0, 0.0, 0.0, 0.0, 0.0, 0.0, 0.0, 0.0, 0.0, 0.0, 0.0, 0.0, 0.0, 0.0, 0.0, 0.0, 0.0, 0.0, 0.0, 0.0, 0.0, 0.0, 0.0, 0.0, 0.0], "error_classic": [0.0, 0.0, 0.0, 0.0, 0.0, 0.0, 0.0, 0.0, 0.0, 0.0, 0.0, 0.0, 0.0, 0.0, 0.0, 0.0, 0.0, 0.0, 0.0, 0.0, 0.0, 0.0, 0.0, 0.0, 0.0, 0.0, 0.0, 0.0, 0.0, 0.0], "error_classic_bin": [0.0, 0.0, 0.0, 0.0, 0.0, 0.0, 0.0, 0.0, 0.0, 0.0, 0.0, 0.0, 0.0, 0.0, 0.0, 0.0, 0.0, 0.0, 0.0, 0.0, 0.0, 0.0, 0.0, 0.0, 0.0, 0.0, 0.0, 0.0, 0.0, 0.0], "weights_learned_HSGS": [[0.037158038305, -0.037158038305, -0.247223138459, 0.037158038305, -0.247223138459, 0.037158038305, 0.037158038305, -0.247223138459, -0.247223138459, 0.247223138459, 0.037158038305, -0.037158038305, 0.037158038305, -0.037158038305, -0.247223138459, 0.247223138459, -0.247223138459, -0.037158038305, -0.247223138459, -0.247223138459, -0.037158038305, -0.037158038305, -0.247223138459, -0.037158038305, -0.037158038305, -0.037158038305, -0.247223138459, -0.247223138459, -0.247223138459, -0.037158038305, -0.247223138459, -0.247223138459], [0.217375879761, 0.217375879761, 0.217375879761, 0.026461403897, 0.217375879761, -0.026461403897, -0.217375879761, 0.217375879761, 0.217375879761, -0.026461403897, -0.217375879761, 0.217375879761, 0.026461403897, 0.026461403897, 0.217375879761, 0.026461403897, -0.217375879761, -0.217375879761, -0.217375879761, -0.026461403897, -0.217375879761, -0.217375879761, -0.217375879761, -0.217375879761, -0.026461403897, -0.217375879761, -0.026461403897, -0.026461403897, -0.217375879761, -0.217375879761, -0.026461403897, -0.217375879761], [-0.255255083037, 0.255255083037, 0.255255083037, -0.036519647214, 0.255255083037, 0.255255083037, 0.255255083037, 0.036519647214, 0.036519647214, 0.255255083037, 0.036519647214, 0.036519647214, -0.036519647214, 0.036519647214, 0.255255083037, -0.036519647214, -0.036519647214, -0.036519647214, -0.036519647214, -0.255255083037, -0.255255083037, -0.036519647214, -0.255255083037, -0.036519647214, -0.036519647214, -0.036519647214, -0.255255083037, -0.036519647214, -0.255255083037, -0.036519647214, -0.255255083037, -0.255255083037]], "weights_learned_encoding": [[0.193706312741, -0.193706312741, -0.158043868607, 0.193706312741, -0.158043868607, 0.193706312741, 0.193706312741, -0.158043868607, -0.158043868607, 0.158043868607, 0.193706312741, -0.193706312741, 0.193706312741, -0.193706312741, -0.158043868607, 0.158043868607, -0.158043868607, -0.193706312741, -0.158043868607, -0.158043868607, -0.193706312741, -0.193706312741, -0.158043868607, -0.193706312741, -0.193706312741, -0.193706312741, -0.158043868607, -0.158043868607, -0.158043868607, -0.193706312741, -0.158043868607, -0.158043868607], [0.188720457667, 0.188720457667, 0.188720457667, 0.151380425664, 0.188720457667, -0.151380425664, -0.188720457667, 0.188720457667, 0.188720457667, -0.151380425664, -0.188720457667, 0.188720457667, 0.151380425664, 0.151380425664, 0.188720457667, 0.151380425664, -0.188720457667, -0.188720457667, -0.188720457667, -0.151380425664, -0.188720457667, -0.188720457667, -0.188720457667, -0.188720457667, -0.151380425664, -0.188720457667, -0.151380425664, -0.151380425664, -0.188720457667, -0.188720457667, -0.151380425664, -0.188720457667], [-0.156727610007, 0.156727610007, 0.156727610007, -0.19274287107, 0.156727610007, 0.156727610007, 0.156727610007, 0.19274287107, 0.19274287107, 0.156727610007, 0.19274287107, 0.19274287107, -0.19274287107, 0.19274287107, 0.156727610007, -0.19274287107, -0.19274287107, -0.19274287107, -0.19274287107, -0.156727610007, -0.156727610007, -0.19274287107, -0.156727610007, -0.19274287107, -0.19274287107, -0.19274287107, -0.156727610007, -0.19274287107, -0.156727610007, -0.19274287107, -0.156727610007, -0.156727610007]], "weights_learned_classic": [[0.158008751545, -0.158008751545, -0.193734959249, 0.158008751545, -0.193734959249, 0.158008751545, 0.158008751545, -0.193734959249, -0.193734959249, 0.193734959249, 0.158008751545, -0.158008751545, 0.158008751545, -0.158008751545, -0.193734959249, 0.193734959249, -0.193734959249, -0.158008751545, -0.193734959249, -0.193734959249, -0.158008751545, -0.158008751545, -0.193734959249, -0.158008751545, -0.158008751545, -0.158008751545, -0.193734959249, -0.193734959249, -0.193734959249, -0.158008751545, -0.193734959249, -0.193734959249], [0.188765850745, 0.188765850745, 0.188765850745, 0.15127233883, 0.188765850745, -0.15127233883, -0.188765850745, 0.188765850745, 0.188765850745, -0.15127233883, -0.188765850745, 0.188765850745, 0.15127233883, 0.15127233883, 0.188765850745, 0.15127233883, -0.188765850745, -0.188765850745, -0.188765850745, -0.15127233883, -0.188765850745, -0.188765850745, -0.188765850745, -0.188765850745, -0.15127233883, -0.188765850745, -0.15127233883, -0.15127233883, -0.188765850745, -0.188765850745, -0.15127233883, -0.188765850745], [-0.194900381267, 0.194900381267, 0.194900381267, -0.15907963613, 0.194900381267, 0.194900381267, 0.194900381267, 0.15907963613, 0.15907963613, 0.194900381267, 0.15907963613, 0.15907963613, -0.15907963613, 0.15907963613, 0.194900381267, -0.15907963613, -0.15907963613, -0.15907963613, -0.15907963613, -0.194900381267, -0.194900381267, -0.15907963613, -0.194900381267, -0.15907963613, -0.15907963613, -0.15907963613, -0.194900381267, -0.15907963613, -0.194900381267, -0.15907963613, -0.194900381267, -0.194900381267]], "weights_learned_classic_bin": [[0.037158038305, -0.037158038305, -0.247223138459, 0.037158038305, -0.247223138459, 0.037158038305, 0.037158038305, -0.247223138459, -0.247223138459, 0.247223138459, 0.037158038305, -0.037158038305, 0.037158038305, -0.037158038305, -0.247223138459, 0.247223138459, -0.247223138459, -0.037158038305, -0.247223138459, -0.247223138459, -0.037158038305, -0.037158038305, -0.247223138459, -0.037158038305, -0.037158038305, -0.037158038305, -0.247223138459, -0.247223138459, -0.247223138459, -0.037158038305, -0.247223138459, -0.247223138459], [0.217397899337, 0.217397899337, 0.217397899337, 0.026113773163, 0.217397899337, -0.026113773163, -0.217397899337, 0.217397899337, 0.217397899337, -0.026113773163, -0.217397899337, 0.217397899337, 0.026113773163, 0.026113773163, 0.217397899337, 0.026113773163, -0.217397899337, -0.217397899337, -0.217397899337, -0.026113773163, -0.217397899337, -0.217397899337, -0.217397899337, -0.217397899337, -0.026113773163, -0.217397899337, -0.026113773163, -0.026113773163, -0.217397899337, -0.217397899337, -0.026113773163, -0.217397899337], [-0.255246838434, 0.255246838434, 0.255246838434, -0.03657045741, 0.255246838434, 0.255246838434, 0.255246838434, 0.03657045741, 0.03657045741, 0.255246838434, 0.03657045741, 0.03657045741, -0.03657045741, 0.03657045741, 0.255246838434, -0.03657045741, -0.03657045741, -0.03657045741, -0.03657045741, -0.255246838434, -0.255246838434, -0.03657045741, -0.255246838434, -0.03657045741, -0.03657045741, -0.03657045741, -0.255246838434, -0.03657045741, -0.255246838434, -0.03657045741, -0.255246838434, -0.255246838434]]}