{"error_HSGS": [0.0741, 0.0741, 0.037, 0.0741, 0.0741, 0.037, 0.0741, 0.037, 0.037, 0.1111, 0.037, 0.0741, 0.1111, 0.0741, 0.0741, 0.0741, 0.0741, 0.037, 0.0741, 0.0741, 0.0741, 0.0741, 0.0741, 0.0741, 0.1111, 0.0741, 0.0741, 0.0741, 0.037, 0.037], "error_encoding": [0.0, 0.0, 0.0, 0.0, 0.0, 0.0, 0.0, 0.0, 0.0, 0.0, 0.0, 0.0, 0.0, 0.0, 0.0, 0.0, 0.0, 0.0, 0.0, 0.0, 0.0, 0.0, 0.0, 0.0, 0.0, 0.0, 0.0, 0.0, 0.0, 0.0], "error_classic": [0.0, 0.0, 0.0, 0.0, 0.0, 0.0, 0.0, 0.0, 0.0, 0.0, 0.0, 0.0, 0.0, 0.0, 0.0, 0.0, 0.0, 0.0, 0.0, 0.0, 0.0, 0.0, 0.0, 0.0, 0.0, 0.0, 0.0, 0.0, 0.0, 0.0], "error_classic_bin": [0.1111, 0.1111, 0.1111, 0.1111, 0.1111, 0.1111, 0.1111, 0.1111, 0.1111, 0.1111, 0.1111, 0.1111, 0.1111, 0.1111, 0.1111, 0.1111, 0.1111, 0.1111, 0.1111, 0.1111, 0.1111, 0.1111, 0.1111, 0.1111, 0.1111, 0.1111, 0.1111, 0.1111, 0.1111, 0.1111], "weights_learned_HSGS": [[0.037158038305, -0.037158038305, -0.247223138459, 0.037158038305, -0.247223138459, 0.037158038305, 0.037158038305, -0.247223138459, -0.247223138459, 0.247223138459, 0.037158038305, -0.037158038305, 0.037158038305, -0.037158038305, -0.247223138459, 0.247223138459, -0.247223138459, -0.037158038305, -0.247223138459, -0.247223138459, -0.037158038305, -0.037158038305, -0.247223138459, -0.037158038305, -0.037158038305, -0.037158038305, -0.247223138459, -0.247223138459, -0.247223138459, -0.037158038305, -0.247223138459, -0.247223138459], [0.054440682737, 0.201689705623, 0.201689705623, 0.054440682737, 0.201689705623, -0.054440682737, -0.054440682737, 0.201689705623, 0.201689705623, -0.054440682737, -0.054440682737, 0.201689705623, 0.054440682737, 0.201689705623, 0.201689705623, 0.054440682737, -0.201689705623, -0.201689705623, -0.201689705623, -0.201689705623, -0.201689705623, -0.201689705623, -0.201689705623, -0.201689705623, -0.201689705623, -0.201689705623, -0.201689705623, -0.201689705623, -0.201689705623, -0.201689705623, -0.201689705623, -0.201689705623]], "weights_learned_encoding": [[0.18252595889, -0.18252595889, -0.170834054952, 0.18252595889, -0.170834054952, 0.18252595889, 0.18252595889, -0.170834054952, -0.170834054952, 0.170834054952, 0.18252595889, -0.18252595889, 0.18252595889, -0.18252595889, -0.170834054952, 0.170834054952, -0.170834054952, -0.18252595889, -0.170834054952, -0.170834054952, -0.18252595889, -0.18252595889, -0.170834054952, -0.18252595889, -0.18252595889, -0.18252595889, -0.170834054952, -0.170834054952, -0.170834054952, -0.18252595889, -0.170834054952, -0.170834054952], [0.028963029068, 0.203438068338, 0.203438068338, 0.028963029068, 0.203438068338, -0.028963029068, -0.028963029068, 0.203438068338, 0.203438068338, -0.028963029068, -0.028963029068, 0.203438068338, 0.028963029068, 0.203438068338, 0.203438068338, 0.028963029068, -0.203438068338, -0.203438068338, -0.203438068338, -0.203438068338, -0.203438068338, -0.203438068338, -0.203438068338, -0.203438068338, -0.203438068338, -0.203438068338, -0.203438068338, -0.203438068338, -0.203438068338, -0.203438068338, -0.203438068338, -0.203438068338]], "weights_learned_classic": [[0.170798097696, -0.170798097696, -0.18255960622, 0.170798097696, -0.18255960622, 0.170798097696, 0.170798097696, -0.18255960622, -0.18255960622, 0.18255960622, 0.170798097696, -0.170798097696, 0.170798097696, -0.170798097696, -0.18255960622, 0.18255960622, -0.18255960622, -0.170798097696, -0.18255960622, -0.18255960622, -0.170798097696, -0.170798097696, -0.18255960622, -0.170798097696, -0.170798097696, -0.170798097696, -0.18255960622, -0.18255960622, -0.18255960622, -0.170798097696, -0.18255960622, -0.18255960622], [0.027706041008, 0.203496417079, 0.203496417079, 0.027706041008, 0.203496417079, -0.027706041008, -0.027706041008, 0.203496417079, 0.203496417079, -0.027706041008, -0.027706041008, 0.203496417079, 0.027706041008, 0.203496417078, 0.203496417079, 0.027706041008, -0.203496417079, -0.203496417079, -0.203496417079, -0.203496417078, -0.203496417079, -0.203496417079, -0.203496417079, -0.203496417079, -0.203496417078, -0.203496417079, -0.203496417078, -0.203496417078, -0.203496417079, -0.203496417079, -0.203496417078, -0.203496417079]], "weights_learned_classic_bin": [[0.037158038305, -0.037158038305, -0.247223138459, 0.037158038305, -0.247223138459, 0.037158038305, 0.037158038305, -0.247223138459, -0.247223138459, 0.247223138459, 0.037158038305, -0.037158038305, 0.037158038305, -0.037158038305, -0.247223138459, 0.247223138459, -0.247223138459, -0.037158038305, -0.247223138459, -0.247223138459, -0.037158038305, -0.037158038305, -0.247223138459, -0.037158038305, -0.037158038305, -0.037158038305, -0.247223138459, -0.247223138459, -0.247223138459, -0.037158038305, -0.247223138459, -0.247223138459], [0.054668855854, 0.201669131831, 0.201669131831, 0.054668855854, 0.201669131831, -0.054668855854, -0.054668855854, 0.201669131831, 0.201669131831, -0.054668855854, -0.054668855854, 0.201669131831, 0.054668855854, 0.201669131829, 0.201669131831, 0.054668855854, -0.201669131831, -0.201669131831, -0.201669131831, -0.201669131829, -0.201669131831, -0.201669131831, -0.201669131831, -0.201669131831, -0.201669131829, -0.201669131831, -0.201669131829, -0.201669131829, -0.201669131831, -0.201669131831, -0.201669131829, -0.201669131831]]}