{"error_HSGS": [0.1481, 0.0741, 0.1481, 0.1111, 0.1111, 0.1111, 0.0741, 0.1111, 0.1111, 0.0741, 0.1111, 0.0741, 0.1111, 0.1111, 0.1111, 0.0741, 0.1111, 0.0741, 0.1111, 0.1111, 0.0741, 0.0741, 0.0741, 0.1111, 0.1111, 0.1111, 0.1111, 0.1481, 0.1111, 0.1111], "error_encoding": [0.0, 0.0, 0.0, 0.0, 0.0, 0.0, 0.0, 0.0, 0.0, 0.0, 0.0, 0.0, 0.0, 0.0, 0.0, 0.0, 0.0, 0.0, 0.0, 0.0, 0.0, 0.0, 0.0, 0.0, 0.0, 0.0, 0.0, 0.0, 0.0, 0.0], "error_classic": [0.0, 0.0, 0.0, 0.0, 0.0, 0.0, 0.0, 0.0, 0.0, 0.0, 0.0, 0.0, 0.0, 0.0, 0.0, 0.0, 0.0, 0.0, 0.0, 0.0, 0.0, 0.0, 0.0, 0.0, 0.0, 0.0, 0.0, 0.0, 0.0, 0.0], "error_classic_bin": [0.1111, 0.1111, 0.1111, 0.1111, 0.1111, 0.1111, 0.1111, 0.1111, 0.1111, 0.1111, 0.1111, 0.1111, 0.1111, 0.1111, 0.1111, 0.1111, 0.1111, 0.1111, 0.1111, 0.1111, 0.1111, 0.1111, 0.1111, 0.1111, 0.1111, 0.1111, 0.1111, 0.1111, 0.1111, 0.1111], "weights_learned_HSGS": [[0.217794043108, 0.065393103441, 0.065393103441, 0.217794043108, 0.065393103441, -0.065393103441, -0.065393103441, 0.065393103441, 0.065393103441, -0.065393103441, -0.065393103441, 0.065393103441, 0.217794043108, 0.065393103441, 0.065393103441, 0.217794043108, -0.217794043108, -0.217794043108, -0.217794043108, -0.217794043108, -0.217794043108, -0.217794043108, -0.217794043108, -0.217794043108, -0.217794043108, -0.217794043108, -0.217794043108, -0.217794043108, -0.217794043108, -0.217794043108, -0.217794043108, -0.217794043108], [-0.013888011297, 0.208333356226, 0.208333356226, -0.208333356226, 0.208333356226, 0.208333356226, 0.013888011297, 0.208333356226, 0.208333356226, 0.208333356226, 0.013888011297, 0.208333356226, -0.208333356226, 0.013888011297, 0.208333356226, -0.208333356226, -0.208333356226, -0.208333356226, -0.208333356226, -0.013888011297, -0.208333356226, -0.208333356226, -0.208333356226, -0.208333356226, -0.013888011297, -0.208333356226, -0.013888011297, -0.013888011297, -0.208333356226, -0.208333356226, -0.013888011297, -0.208333356226]], "weights_learned_encoding": [[0.221159798283, 0.042589975803, 0.042589975803, 0.221159798283, 0.042589975803, -0.042589975803, -0.042589975803, 0.042589975803, 0.042589975803, -0.042589975803, -0.042589975803, 0.042589975803, 0.221159798283, 0.042589975803, 0.042589975803, 0.221159798283, -0.221159798283, -0.221159798283, -0.221159798283, -0.221159798283, -0.221159798283, -0.221159798283, -0.221159798283, -0.221159798283, -0.221159798283, -0.221159798283, -0.221159798283, -0.221159798283, -0.221159798283, -0.221159798283, -0.221159798283, -0.221159798283], [-0.167346239081, 0.180332678848, 0.180332678848, -0.180332678848, 0.180332678848, 0.180332678848, 0.167346239081, 0.180332678848, 0.180332678848, 0.180332678848, 0.167346239081, 0.180332678848, -0.180332678848, 0.167346239081, 0.180332678848, -0.180332678848, -0.180332678848, -0.180332678848, -0.180332678848, -0.167346239081, -0.180332678848, -0.180332678848, -0.180332678848, -0.180332678848, -0.167346239081, -0.180332678848, -0.167346239081, -0.167346239081, -0.180332678848, -0.180332678848, -0.167346239081, -0.180332678848]], "weights_learned_classic": [[0.221215480452, 0.042105249241, 0.042105249241, 0.221215480452, 0.042105249241, -0.042105249241, -0.042105249241, 0.042105249241, 0.042105249241, -0.042105249241, -0.042105249241, 0.042105249241, 0.221215480452, 0.042105249241, 0.042105249241, 0.221215480453, -0.221215480453, -0.221215480452, -0.221215480453, -0.221215480453, -0.221215480452, -0.221215480452, -0.221215480453, -0.221215480452, -0.221215480452, -0.221215480452, -0.221215480453, -0.221215480453, -0.221215480453, -0.221215480452, -0.221215480453, -0.221215480453], [-0.167282446719, 0.180355837549, 0.180355837549, -0.180355837549, 0.180355837549, 0.180355837549, 0.167282446719, 0.180355837549, 0.180355837549, 0.180355837549, 0.167282446719, 0.180355837549, -0.180355837549, 0.167282446719, 0.180355837549, -0.180355837549, -0.180355837549, -0.180355837549, -0.180355837549, -0.167282446719, -0.180355837549, -0.180355837549, -0.180355837549, -0.180355837549, -0.167282446719, -0.180355837549, -0.167282446719, -0.167282446719, -0.180355837549, -0.180355837549, -0.167282446719, -0.180355837549]], "weights_learned_classic_bin": [[0.217768205462, 0.065536360008, 0.065536360007, 0.217768205462, 0.065536360007, -0.065536360008, -0.065536360008, 0.065536360007, 0.065536360007, -0.065536360007, -0.065536360008, 0.065536360008, 0.217768205462, 0.065536360008, 0.065536360007, 0.217768205462, -0.217768205462, -0.217768205462, -0.217768205462, -0.217768205462, -0.217768205462, -0.217768205462, -0.217768205462, -0.217768205462, -0.217768205462, -0.217768205462, -0.217768205462, -0.217768205462, -0.217768205462, -0.217768205462, -0.217768205462, -0.217768205462], [-0.014556698265, 0.208315492632, 0.208315492632, -0.208315492632, 0.208315492632, 0.208315492632, 0.014556698265, 0.208315492632, 0.208315492632, 0.208315492632, 0.014556698265, 0.208315492632, -0.208315492632, 0.014556698265, 0.208315492632, -0.208315492632, -0.208315492632, -0.208315492632, -0.208315492632, -0.014556698265, -0.208315492632, -0.208315492632, -0.208315492632, -0.208315492632, -0.014556698265, -0.208315492632, -0.014556698265, -0.014556698265, -0.208315492632, -0.208315492632, -0.014556698265, -0.208315492632]]}