{"error_HSGS": [0.2222, 0.2222, 0.2222, 0.2593, 0.2222, 0.1852, 0.1852, 0.2593, 0.2593, 0.2593, 0.2222, 0.1852, 0.2593, 0.2222, 0.2222, 0.2593, 0.2222, 0.2222, 0.1852, 0.1852, 0.2222, 0.1852, 0.2222, 0.2593, 0.1852, 0.1852, 0.2593, 0.1852, 0.1852, 0.2222], "error_encoding": [0.0741, 0.037, 0.0741, 0.0741, 0.037, 0.037, 0.037, 0.037, 0.037, 0.037, 0.0741, 0.037, 0.037, 0.037, 0.037, 0.037, 0.037, 0.037, 0.037, 0.0741, 0.037, 0.037, 0.0741, 0.037, 0.0741, 0.0741, 0.0741, 0.0741, 0.037, 0.037], "error_classic": [0.037, 0.037, 0.037, 0.037, 0.037, 0.037, 0.037, 0.037, 0.037, 0.037, 0.037, 0.037, 0.037, 0.037, 0.037, 0.037, 0.037, 0.037, 0.037, 0.037, 0.037, 0.037, 0.037, 0.037, 0.037, 0.037, 0.037, 0.037, 0.037, 0.037], "error_classic_bin": [0.1852, 0.1852, 0.1852, 0.1852, 0.1852, 0.1852, 0.1852, 0.1852, 0.1852, 0.1852, 0.1852, 0.1852, 0.1852, 0.1852, 0.1852, 0.1852, 0.1852, 0.1852, 0.1852, 0.1852, 0.1852, 0.1852, 0.1852, 0.1852, 0.1852, 0.1852, 0.1852, 0.1852, 0.1852, 0.1852], "weights_learned_HSGS": [[-0.065140252564, 0.065140252564, 0.065140252564, -0.065140252564, 0.065140252564, 0.217839501692, 0.217839501692, 0.065140252564, 0.065140252564, 0.217839501692, 0.217839501692, 0.065140252564, -0.065140252564, 0.065140252564, 0.065140252564, -0.065140252564, -0.217839501692, -0.217839501692, -0.217839501692, -0.217839501692, -0.217839501692, -0.217839501692, -0.217839501692, -0.217839501692, -0.217839501692, -0.217839501692, -0.217839501692, -0.217839501692, -0.217839501692, -0.217839501692, -0.217839501692, -0.217839501692], [0.217390009495, 0.217390009495, 0.217390009495, 0.026238866401, 0.217390009495, -0.026238866401, -0.217390009495, 0.217390009495, 0.217390009495, -0.026238866401, -0.217390009495, 0.217390009495, 0.026238866401, 0.026238866401, 0.217390009495, 0.026238866401, -0.217390009495, -0.217390009495, -0.217390009495, -0.026238866401, -0.217390009495, -0.217390009495, -0.217390009495, -0.217390009495, -0.026238866401, -0.217390009495, -0.026238866401, -0.026238866401, -0.217390009495, -0.217390009495, -0.026238866401, -0.217390009495]], "weights_learned_encoding": [[-0.042601347098, 0.042601347098, 0.042601347098, -0.042601347098, 0.042601347098, 0.221158484204, 0.221158484204, 0.042601347098, 0.042601347098, 0.221158484204, 0.221158484204, 0.042601347098, -0.042601347098, 0.042601347098, 0.042601347098, -0.042601347098, -0.221158484204, -0.221158484204, -0.221158484204, -0.221158484204, -0.221158484204, -0.221158484204, -0.221158484204, -0.221158484204, -0.221158484204, -0.221158484204, -0.221158484204, -0.221158484204, -0.221158484204, -0.221158484204, -0.221158484204, -0.221158484204], [0.180916753724, 0.180916753724, 0.180916753724, 0.168590869121, 0.180916753724, -0.168590869121, -0.180916753724, 0.180916753724, 0.180916753724, -0.168590869121, -0.180916753724, 0.180916753724, 0.168590869121, 0.168590869121, 0.180916753724, 0.168590869121, -0.180916753724, -0.180916753724, -0.180916753724, -0.168590869121, -0.180916753724, -0.180916753724, -0.180916753724, -0.180916753724, -0.168590869121, -0.180916753724, -0.168590869121, -0.168590869121, -0.180916753724, -0.180916753724, -0.168590869121, -0.180916753724]], "weights_learned_classic": [[-0.042105249241, 0.042105249241, 0.042105249241, -0.042105249241, 0.042105249241, 0.221215480452, 0.221215480452, 0.042105249241, 0.042105249241, 0.221215480453, 0.221215480452, 0.042105249241, -0.042105249241, 0.042105249241, 0.042105249241, -0.042105249241, -0.221215480453, -0.221215480452, -0.221215480453, -0.221215480453, -0.221215480452, -0.221215480452, -0.221215480453, -0.221215480452, -0.221215480452, -0.221215480452, -0.221215480453, -0.221215480453, -0.221215480453, -0.221215480452, -0.221215480453, -0.221215480453], [0.180933663988, 0.180933663988, 0.180933663988, 0.168556220444, 0.180933663988, -0.168556220444, -0.180933663988, 0.180933663988, 0.180933663988, -0.168556220444, -0.180933663988, 0.180933663988, 0.168556220444, 0.168556220444, 0.180933663988, 0.168556220444, -0.180933663988, -0.180933663988, -0.180933663988, -0.168556220444, -0.180933663988, -0.180933663988, -0.180933663988, -0.180933663988, -0.168556220444, -0.180933663988, -0.168556220444, -0.168556220444, -0.180933663988, -0.180933663988, -0.168556220444, -0.180933663988]], "weights_learned_classic_bin": [[-0.065536360008, 0.065536360008, 0.065536360007, -0.065536360008, 0.065536360007, 0.217768205462, 0.217768205462, 0.065536360007, 0.065536360007, 0.217768205462, 0.217768205462, 0.065536360008, -0.065536360008, 0.065536360008, 0.065536360007, -0.065536360007, -0.217768205462, -0.217768205462, -0.217768205462, -0.217768205462, -0.217768205462, -0.217768205462, -0.217768205462, -0.217768205462, -0.217768205462, -0.217768205462, -0.217768205462, -0.217768205462, -0.217768205462, -0.217768205462, -0.217768205462, -0.217768205462], [0.217397899337, 0.217397899337, 0.217397899337, 0.026113773163, 0.217397899337, -0.026113773163, -0.217397899337, 0.217397899337, 0.217397899337, -0.026113773163, -0.217397899337, 0.217397899337, 0.026113773163, 0.026113773163, 0.217397899337, 0.026113773163, -0.217397899337, -0.217397899337, -0.217397899337, -0.026113773163, -0.217397899337, -0.217397899337, -0.217397899337, -0.217397899337, -0.026113773163, -0.217397899337, -0.026113773163, -0.026113773163, -0.217397899337, -0.217397899337, -0.026113773163, -0.217397899337]]}