{"error_HSGS": [0.0, 0.0, 0.0, 0.0, 0.0, 0.0, 0.0, 0.0, 0.0, 0.0, 0.0, 0.0, 0.0, 0.0, 0.0, 0.0, 0.0, 0.0, 0.0, 0.0, 0.0, 0.0, 0.0, 0.0, 0.0, 0.0, 0.0, 0.0, 0.0, 0.0], "error_encoding": [0.0, 0.0, 0.0, 0.0, 0.0, 0.0, 0.0, 0.0, 0.0, 0.0, 0.0, 0.0, 0.0, 0.0, 0.0, 0.0, 0.0, 0.0, 0.0, 0.0, 0.0, 0.0, 0.0, 0.0, 0.0, 0.0, 0.0, 0.0, 0.0, 0.0], "error_classic": [0.0, 0.0, 0.0, 0.0, 0.0, 0.0, 0.0, 0.0, 0.0, 0.0, 0.0, 0.0, 0.0, 0.0, 0.0, 0.0, 0.0, 0.0, 0.0, 0.0, 0.0, 0.0, 0.0, 0.0, 0.0, 0.0, 0.0, 0.0, 0.0, 0.0], "error_classic_bin": [0.0, 0.0, 0.0, 0.0, 0.0, 0.0, 0.0, 0.0, 0.0, 0.0, 0.0, 0.0, 0.0, 0.0, 0.0, 0.0, 0.0, 0.0, 0.0, 0.0, 0.0, 0.0, 0.0, 0.0, 0.0, 0.0, 0.0, 0.0, 0.0, 0.0], "weights_learned_HSGS": [[0.118531110206, -0.118531110206, -0.353261008972, 0.118531110206, -0.353261008972, 0.118531110206, 0.118531110206, -0.353261008972, -0.353261008972, 0.353261008972, 0.118531110206, -0.118531110206, 0.118531110206, -0.118531110206, -0.353261008972, 0.353261008972], [0.118144140587, 0.353427636239, 0.118144140587, 0.118144140587, 0.353427636239, -0.118144140587, -0.353427636239, 0.353427636239, 0.353427636239, -0.118144140587, -0.353427636239, 0.118144140587, 0.118144140587, 0.353427636239, 0.118144140587, 0.118144140587], [-0.076404204281, 0.285284885432, 0.285284885432, -0.285284885432, 0.285284885432, 0.285284885432, 0.076404204281, 0.285284885432, 0.285284885432, 0.285284885432, 0.076404204281, 0.285284885432, -0.285284885432, 0.076404204281, 0.285284885432, -0.285284885432]], "weights_learned_encoding": [[0.270696376741, -0.270696376741, -0.220554899085, 0.270696376741, -0.220554899085, 0.270696376741, 0.270696376741, -0.220554899085, -0.220554899085, 0.220554899085, 0.270696376741, -0.270696376741, 0.270696376741, -0.270696376741, -0.220554899085, 0.220554899085], [0.270812385616, 0.220371720434, 0.270812385616, 0.270812385616, 0.220371720434, -0.270812385616, -0.220371720434, 0.220371720434, 0.220371720434, -0.270812385616, -0.220371720434, 0.270812385616, 0.270812385616, 0.220371720434, 0.270812385616, 0.270812385616], [-0.206330020758, 0.262949882762, 0.262949882762, -0.262949882762, 0.262949882762, 0.262949882762, 0.206330020758, 0.262949882762, 0.262949882762, 0.262949882762, 0.206330020758, 0.262949882762, -0.262949882762, 0.206330020758, 0.262949882762, -0.262949882762]], "weights_learned_classic": [[0.226740439414, -0.226740439414, -0.277050526132, 0.226740439414, -0.277050526132, 0.226740439414, 0.226740439414, -0.277050526132, -0.277050526132, 0.277050526132, 0.226740439414, -0.226740439414, 0.226740439414, -0.226740439414, -0.277050526132, 0.277050526132], [0.226740439414, 0.277050526132, 0.226740439414, 0.226740439414, 0.277050526132, -0.226740439414, -0.277050526132, 0.277050526132, 0.277050526132, -0.226740439414, -0.277050526132, 0.226740439414, 0.226740439414, 0.277050526132, 0.226740439414, 0.226740439414], [-0.205825749476, 0.263081584844, 0.263081584844, -0.263081584844, 0.263081584844, 0.263081584844, 0.205825749476, 0.263081584844, 0.263081584844, 0.263081584844, 0.205825749476, 0.263081584844, -0.263081584844, 0.205825749476, 0.263081584844, -0.263081584844]], "weights_learned_classic_bin": [[0.118657086573, -0.118657086573, -0.35320662958, 0.118657086573, -0.35320662958, 0.118657086573, 0.118657086573, -0.35320662958, -0.35320662958, 0.35320662958, 0.118657086573, -0.118657086573, 0.118657086573, -0.118657086573, -0.35320662958, 0.35320662958], [0.118657086573, 0.35320662958, 0.118657086573, 0.118657086573, 0.35320662958, -0.118657086573, -0.35320662958, 0.35320662958, 0.35320662958, -0.118657086573, -0.35320662958, 0.118657086573, 0.118657086573, 0.35320662958, 0.118657086573, 0.118657086573], [-0.076792507337, 0.28525013048, 0.28525013048, -0.28525013048, 0.28525013048, 0.28525013048, 0.076792507337, 0.28525013048, 0.28525013048, 0.28525013048, 0.076792507337, 0.28525013048, -0.28525013048, 0.076792507337, 0.28525013048, -0.28525013048]]}