{"error_HSGS": [0.0, 0.0, 0.0, 0.0, 0.0, 0.0, 0.0, 0.0, 0.0, 0.0, 0.0, 0.0, 0.0, 0.0, 0.0, 0.0, 0.0, 0.0, 0.0, 0.0, 0.0, 0.0, 0.0, 0.0, 0.0, 0.0, 0.0, 0.0, 0.0, 0.0], "error_encoding": [0.0, 0.0, 0.0, 0.0, 0.0, 0.0, 0.0, 0.0, 0.0, 0.0, 0.0, 0.0, 0.0, 0.0, 0.0, 0.0, 0.0, 0.0, 0.0, 0.0, 0.0, 0.0, 0.0, 0.0, 0.0, 0.0, 0.0, 0.0, 0.0, 0.0], "error_classic": [0.0, 0.0, 0.0, 0.0, 0.0, 0.0, 0.0, 0.0, 0.0, 0.0, 0.0, 0.0, 0.0, 0.0, 0.0, 0.0, 0.0, 0.0, 0.0, 0.0, 0.0, 0.0, 0.0, 0.0, 0.0, 0.0, 0.0, 0.0, 0.0, 0.0], "error_classic_bin": [0.0, 0.0, 0.0, 0.0, 0.0, 0.0, 0.0, 0.0, 0.0, 0.0, 0.0, 0.0, 0.0, 0.0, 0.0, 0.0, 0.0, 0.0, 0.0, 0.0, 0.0, 0.0, 0.0, 0.0, 0.0, 0.0, 0.0, 0.0, 0.0, 0.0], "weights_learned_HSGS": [[0.037158038305, -0.037158038305, -0.247223138459, 0.037158038305, -0.247223138459, 0.037158038305, 0.037158038305, -0.247223138459, -0.247223138459, 0.247223138459, 0.037158038305, -0.037158038305, 0.037158038305, -0.037158038305, -0.247223138459, 0.247223138459, -0.247223138459, -0.037158038305, -0.247223138459, -0.247223138459, -0.037158038305, -0.037158038305, -0.247223138459, -0.037158038305, -0.037158038305, -0.037158038305, -0.247223138459, -0.247223138459, -0.247223138459, -0.037158038305, -0.247223138459, -0.247223138459], [0.217466467809, 0.217466467809, 0.217466467809, 0.025000078097, 0.217466467809, -0.025000078097, -0.217466467809, 0.217466467809, 0.217466467809, -0.025000078097, -0.217466467809, 0.217466467809, 0.025000078097, 0.025000078097, 0.217466467809, 0.025000078097, -0.217466467809, -0.217466467809, -0.217466467809, -0.025000078097, -0.217466467809, -0.217466467809, -0.217466467809, -0.217466467809, -0.025000078097, -0.217466467809, -0.025000078097, -0.025000078097, -0.217466467809, -0.217466467809, -0.025000078097, -0.217466467809], [-0.255236492824, 0.255236492824, 0.255236492824, -0.036634113774, 0.255236492824, 0.255236492824, 0.255236492824, 0.036634113774, 0.036634113774, 0.255236492824, 0.036634113774, 0.036634113774, -0.036634113774, 0.036634113774, 0.255236492824, -0.036634113774, -0.036634113774, -0.036634113774, -0.036634113774, -0.255236492824, -0.255236492824, -0.036634113774, -0.255236492824, -0.036634113774, -0.036634113774, -0.036634113774, -0.255236492824, -0.036634113774, -0.255236492824, -0.036634113774, -0.255236492824, -0.255236492824]], "weights_learned_encoding": [[0.194581973704, -0.194581973704, -0.15696450398, 0.194581973704, -0.15696450398, 0.194581973704, 0.194581973704, -0.15696450398, -0.15696450398, 0.15696450398, 0.194581973704, -0.194581973704, 0.194581973704, -0.194581973704, -0.15696450398, 0.15696450398, -0.15696450398, -0.194581973704, -0.15696450398, -0.15696450398, -0.194581973704, -0.194581973704, -0.15696450398, -0.194581973704, -0.194581973704, -0.194581973704, -0.15696450398, -0.15696450398, -0.15696450398, -0.194581973704, -0.15696450398, -0.15696450398], [0.189367601146, 0.189367601146, 0.189367601146, 0.149829643977, 0.189367601146, -0.149829643977, -0.189367601146, 0.189367601146, 0.189367601146, -0.149829643977, -0.189367601146, 0.189367601146, 0.149829643977, 0.149829643977, 0.189367601146, 0.149829643977, -0.189367601146, -0.189367601146, -0.189367601146, -0.149829643977, -0.189367601146, -0.189367601146, -0.189367601146, -0.189367601146, -0.149829643977, -0.189367601146, -0.149829643977, -0.149829643977, -0.189367601146, -0.189367601146, -0.149829643977, -0.189367601146], [-0.155875831981, 0.155875831981, 0.155875831981, -0.193351383126, 0.155875831981, 0.155875831981, 0.155875831981, 0.193351383126, 0.193351383126, 0.155875831981, 0.193351383126, 0.193351383126, -0.193351383126, 0.193351383126, 0.155875831981, -0.193351383126, -0.193351383126, -0.193351383126, -0.193351383126, -0.155875831981, -0.155875831981, -0.193351383126, -0.155875831981, -0.193351383126, -0.193351383126, -0.193351383126, -0.155875831981, -0.193351383126, -0.155875831981, -0.193351383126, -0.155875831981, -0.155875831981]], "weights_learned_classic": [[0.157028163923, -0.157028163923, -0.194530603595, 0.157028163923, -0.194530603595, 0.157028163923, 0.157028163923, -0.194530603595, -0.194530603595, 0.194530603595, 0.157028163923, -0.157028163923, 0.157028163923, -0.157028163923, -0.194530603595, 0.194530603595, -0.194530603595, -0.157028163923, -0.194530603595, -0.194530603595, -0.157028163923, -0.157028163923, -0.194530603595, -0.157028163923, -0.157028163923, -0.157028163923, -0.194530603595, -0.194530603595, -0.194530603595, -0.157028163923, -0.194530603595, -0.194530603595], [0.189311105308, 0.189311105308, 0.189311105308, 0.149965879014, 0.189311105308, -0.149965879014, -0.189311105308, 0.189311105308, 0.189311105308, -0.149965879014, -0.189311105308, 0.189311105308, 0.149965879014, 0.149965879014, 0.189311105308, 0.149965879014, -0.189311105308, -0.189311105308, -0.189311105308, -0.149965879014, -0.189311105308, -0.189311105308, -0.189311105308, -0.189311105308, -0.149965879014, -0.189311105308, -0.149965879014, -0.149965879014, -0.189311105308, -0.189311105308, -0.149965879014, -0.189311105308], [-0.195755160097, 0.195755160097, 0.195755160097, -0.158150851188, 0.195755160097, 0.195755160097, 0.195755160097, 0.158150851188, 0.158150851188, 0.195755160097, 0.158150851188, 0.158150851188, -0.158150851188, 0.158150851188, 0.195755160097, -0.158150851188, -0.158150851188, -0.158150851188, -0.158150851188, -0.195755160097, -0.195755160097, -0.158150851188, -0.195755160097, -0.158150851188, -0.158150851188, -0.158150851188, -0.195755160097, -0.158150851188, -0.195755160097, -0.158150851188, -0.195755160097, -0.195755160097]], "weights_learned_classic_bin": [[0.037158038305, -0.037158038305, -0.247223138459, 0.037158038305, -0.247223138459, 0.037158038305, 0.037158038305, -0.247223138459, -0.247223138459, 0.247223138459, 0.037158038305, -0.037158038305, 0.037158038305, -0.037158038305, -0.247223138459, 0.247223138459, -0.247223138459, -0.037158038305, -0.247223138459, -0.247223138459, -0.037158038305, -0.037158038305, -0.247223138459, -0.037158038305, -0.037158038305, -0.037158038305, -0.247223138459, -0.247223138459, -0.247223138459, -0.037158038305, -0.247223138459, -0.247223138459], [0.217397899337, 0.217397899337, 0.217397899337, 0.026113773163, 0.217397899337, -0.026113773163, -0.217397899337, 0.217397899337, 0.217397899337, -0.026113773163, -0.217397899337, 0.217397899337, 0.026113773163, 0.026113773163, 0.217397899337, 0.026113773163, -0.217397899337, -0.217397899337, -0.217397899337, -0.026113773163, -0.217397899337, -0.217397899337, -0.217397899337, -0.217397899337, -0.026113773163, -0.217397899337, -0.026113773163, -0.026113773163, -0.217397899337, -0.217397899337, -0.026113773163, -0.217397899337], [-0.255246838434, 0.255246838434, 0.255246838434, -0.03657045741, 0.255246838434, 0.255246838434, 0.255246838434, 0.03657045741, 0.03657045741, 0.255246838434, 0.03657045741, 0.03657045741, -0.03657045741, 0.03657045741, 0.255246838434, -0.03657045741, -0.03657045741, -0.03657045741, -0.03657045741, -0.255246838434, -0.255246838434, -0.03657045741, -0.255246838434, -0.03657045741, -0.03657045741, -0.03657045741, -0.255246838434, -0.03657045741, -0.255246838434, -0.03657045741, -0.255246838434, -0.255246838434]]}