{"error_HSGS": [0.2222, 0.2222, 0.2593, 0.1481, 0.1852, 0.1852, 0.1481, 0.2222, 0.1852, 0.1481, 0.2222, 0.1852, 0.1111, 0.2222, 0.1481, 0.2222, 0.2222, 0.2222, 0.2222, 0.2222, 0.1852, 0.1852, 0.2222, 0.1852, 0.1481, 0.1481, 0.2222, 0.2222, 0.1852, 0.1481], "error_encoding": [0.2222, 0.2222, 0.2222, 0.2222, 0.1852, 0.2222, 0.2222, 0.2222, 0.2222, 0.2222, 0.2222, 0.2222, 0.2222, 0.2222, 0.2222, 0.2222, 0.2222, 0.2222, 0.2222, 0.1852, 0.2222, 0.2222, 0.2222, 0.2222, 0.2222, 0.2222, 0.2222, 0.2222, 0.2222, 0.2222], "error_classic": [0.2222, 0.2222, 0.2222, 0.2222, 0.2222, 0.2222, 0.2222, 0.2222, 0.2222, 0.2222, 0.2222, 0.2222, 0.2222, 0.2222, 0.2222, 0.2222, 0.2222, 0.2222, 0.2222, 0.2222, 0.2222, 0.2222, 0.2222, 0.2222, 0.2222, 0.2222, 0.2222, 0.2222, 0.2222, 0.2222], "error_classic_bin": [0.1111, 0.1111, 0.1111, 0.1111, 0.1111, 0.1111, 0.1111, 0.1111, 0.1111, 0.1111, 0.1111, 0.1111, 0.1111, 0.1111, 0.1111, 0.1111, 0.1111, 0.1111, 0.1111, 0.1111, 0.1111, 0.1111, 0.1111, 0.1111, 0.1111, 0.1111, 0.1111, 0.1111, 0.1111, 0.1111], "weights_learned_HSGS": [[0.486949327403, 0.065524429394, 0.065524429394, 0.486949327403, 0.065524429394, -0.065524429394, -0.065524429394, 0.065524429394, 0.065524429394, -0.065524429394, -0.065524429394, 0.065524429394, 0.486949327403, 0.065524429394, 0.065524429394, 0.486949327403], [-0.294167907659, 0.294167907659, 0.098099605648, -0.294167907659, 0.294167907659, 0.294167907659, 0.098099605648, 0.294167907659, 0.294167907659, 0.294167907659, 0.098099605648, 0.098099605648, -0.294167907659, 0.294167907659, 0.098099605648, -0.294167907659]], "weights_learned_encoding": [[0.481259216482, 0.078293393827, 0.078293393827, 0.481259216482, 0.078293393827, -0.078293393827, -0.078293393827, 0.078293393827, 0.078293393827, -0.078293393827, -0.078293393827, 0.078293393827, 0.481259216482, 0.078293393827, 0.078293393827, 0.481259216482], [-0.243068478687, 0.243068478687, 0.2646109829, -0.243068478687, 0.243068478687, 0.243068478687, 0.2646109829, 0.243068478687, 0.243068478687, 0.243068478687, 0.2646109829, 0.2646109829, -0.243068478687, 0.243068478687, 0.2646109829, -0.243068478687]], "weights_learned_classic": [[0.4810963081, 0.078626421199, 0.078626421199, 0.4810963081, 0.078626421199, -0.078626421199, -0.078626421199, 0.078626421199, 0.078626421199, -0.078626421199, -0.078626421199, 0.078626421199, 0.4810963081, 0.078626421199, 0.078626421199, 0.481096308102], [-0.256473162111, 0.256473162111, 0.235132595904, -0.256473162111, 0.256473162111, 0.256473162111, 0.235132595904, 0.256473162111, 0.256473162111, 0.256473162111, 0.235132595904, 0.235132595904, -0.256473162111, 0.256473162111, 0.235132595904, -0.256473162111]], "weights_learned_classic_bin": [[0.487162540651, 0.064993997123, 0.06499399712, 0.487162540651, 0.06499399712, -0.064993997123, -0.064993997123, 0.06499399712, 0.06499399712, -0.06499399712, -0.064993997123, 0.064993997123, 0.487162540651, 0.064993997123, 0.06499399712, 0.487162540654], [-0.294153459384, 0.294153459384, 0.098194873246, -0.294153459384, 0.294153459384, 0.294153459384, 0.098194873246, 0.294153459384, 0.294153459384, 0.294153459384, 0.098194873246, 0.098194873246, -0.294153459384, 0.294153459384, 0.098194873246, -0.294153459384]]}