{"error_HSGS": [0.0741, 0.0741, 0.037, 0.0741, 0.1111, 0.0741, 0.037, 0.037, 0.1111, 0.0741, 0.1111, 0.037, 0.037, 0.037, 0.037, 0.1111, 0.037, 0.037, 0.0741, 0.0741, 0.1111, 0.037, 0.0741, 0.0741, 0.037, 0.0741, 0.0741, 0.0741, 0.0741, 0.1111], "error_encoding": [0.0, 0.0, 0.0, 0.0, 0.0, 0.0, 0.0, 0.0, 0.0, 0.0, 0.0, 0.0, 0.0, 0.0, 0.0, 0.0, 0.0, 0.0, 0.0, 0.0, 0.0, 0.0, 0.0, 0.0, 0.0, 0.0, 0.0, 0.0, 0.0, 0.0], "error_classic": [0.0, 0.0, 0.0, 0.0, 0.0, 0.0, 0.0, 0.0, 0.0, 0.0, 0.0, 0.0, 0.0, 0.0, 0.0, 0.0, 0.0, 0.0, 0.0, 0.0, 0.0, 0.0, 0.0, 0.0, 0.0, 0.0, 0.0, 0.0, 0.0, 0.0], "error_classic_bin": [0.1111, 0.1111, 0.1111, 0.1111, 0.1111, 0.1111, 0.1111, 0.1111, 0.1111, 0.1111, 0.1111, 0.1111, 0.1111, 0.1111, 0.1111, 0.1111, 0.1111, 0.1111, 0.1111, 0.1111, 0.1111, 0.1111, 0.1111, 0.1111, 0.1111, 0.1111, 0.1111, 0.1111, 0.1111, 0.1111], "weights_learned_HSGS": [[0.037158038305, -0.037158038305, -0.247223138459, 0.037158038305, -0.247223138459, 0.037158038305, 0.037158038305, -0.247223138459, -0.247223138459, 0.247223138459, 0.037158038305, -0.037158038305, 0.037158038305, -0.037158038305, -0.247223138459, 0.247223138459, -0.247223138459, -0.037158038305, -0.247223138459, -0.247223138459, -0.037158038305, -0.037158038305, -0.247223138459, -0.037158038305, -0.037158038305, -0.037158038305, -0.247223138459, -0.247223138459, -0.247223138459, -0.037158038305, -0.247223138459, -0.247223138459], [0.054632843168, 0.201672384862, 0.201672384862, 0.054632843168, 0.201672384862, -0.054632843168, -0.054632843168, 0.201672384862, 0.201672384862, -0.054632843168, -0.054632843168, 0.201672384862, 0.054632843168, 0.201672384862, 0.201672384862, 0.054632843168, -0.201672384862, -0.201672384862, -0.201672384862, -0.201672384862, -0.201672384862, -0.201672384862, -0.201672384862, -0.201672384862, -0.201672384862, -0.201672384862, -0.201672384862, -0.201672384862, -0.201672384862, -0.201672384862, -0.201672384862, -0.201672384862]], "weights_learned_encoding": [[0.182585110171, -0.182585110171, -0.17077083341, 0.182585110171, -0.17077083341, 0.182585110171, 0.182585110171, -0.17077083341, -0.17077083341, 0.17077083341, 0.182585110171, -0.182585110171, 0.182585110171, -0.182585110171, -0.17077083341, 0.17077083341, -0.17077083341, -0.182585110171, -0.17077083341, -0.17077083341, -0.182585110171, -0.182585110171, -0.17077083341, -0.182585110171, -0.182585110171, -0.182585110171, -0.17077083341, -0.17077083341, -0.17077083341, -0.182585110171, -0.17077083341, -0.17077083341], [0.025821462897, 0.203579019919, 0.203579019919, 0.025821462897, 0.203579019919, -0.025821462897, -0.025821462897, 0.203579019919, 0.203579019919, -0.025821462897, -0.025821462897, 0.203579019919, 0.025821462897, 0.203579019919, 0.203579019919, 0.025821462897, -0.203579019919, -0.203579019919, -0.203579019919, -0.203579019919, -0.203579019919, -0.203579019919, -0.203579019919, -0.203579019919, -0.203579019919, -0.203579019919, -0.203579019919, -0.203579019919, -0.203579019919, -0.203579019919, -0.203579019919, -0.203579019919]], "weights_learned_classic": [[0.170798097696, -0.170798097696, -0.18255960622, 0.170798097696, -0.18255960622, 0.170798097696, 0.170798097696, -0.18255960622, -0.18255960622, 0.18255960622, 0.170798097696, -0.170798097696, 0.170798097696, -0.170798097696, -0.18255960622, 0.18255960622, -0.18255960622, -0.170798097696, -0.18255960622, -0.18255960622, -0.170798097696, -0.170798097696, -0.18255960622, -0.170798097696, -0.170798097696, -0.170798097696, -0.18255960622, -0.18255960622, -0.18255960622, -0.170798097696, -0.18255960622, -0.18255960622], [0.027706041008, 0.203496417079, 0.203496417079, 0.027706041008, 0.203496417079, -0.027706041008, -0.027706041008, 0.203496417079, 0.203496417079, -0.027706041008, -0.027706041008, 0.203496417079, 0.027706041008, 0.203496417078, 0.203496417079, 0.027706041008, -0.203496417079, -0.203496417079, -0.203496417079, -0.203496417078, -0.203496417079, -0.203496417079, -0.203496417079, -0.203496417079, -0.203496417078, -0.203496417079, -0.203496417078, -0.203496417078, -0.203496417079, -0.203496417079, -0.203496417078, -0.203496417079]], "weights_learned_classic_bin": [[0.037158038305, -0.037158038305, -0.247223138459, 0.037158038305, -0.247223138459, 0.037158038305, 0.037158038305, -0.247223138459, -0.247223138459, 0.247223138459, 0.037158038305, -0.037158038305, 0.037158038305, -0.037158038305, -0.247223138459, 0.247223138459, -0.247223138459, -0.037158038305, -0.247223138459, -0.247223138459, -0.037158038305, -0.037158038305, -0.247223138459, -0.037158038305, -0.037158038305, -0.037158038305, -0.247223138459, -0.247223138459, -0.247223138459, -0.037158038305, -0.247223138459, -0.247223138459], [0.054668855854, 0.201669131831, 0.201669131831, 0.054668855854, 0.201669131831, -0.054668855854, -0.054668855854, 0.201669131831, 0.201669131831, -0.054668855854, -0.054668855854, 0.201669131831, 0.054668855854, 0.201669131829, 0.201669131831, 0.054668855854, -0.201669131831, -0.201669131831, -0.201669131831, -0.201669131829, -0.201669131831, -0.201669131831, -0.201669131831, -0.201669131831, -0.201669131829, -0.201669131831, -0.201669131829, -0.201669131829, -0.201669131831, -0.201669131831, -0.201669131829, -0.201669131831]]}