{"error_HSGS": [0.1481, 0.1852, 0.1111, 0.2222, 0.1852, 0.1481, 0.1852, 0.1481, 0.2222, 0.1852, 0.2593, 0.2222, 0.1481, 0.2222, 0.2222, 0.1852, 0.2222, 0.2222, 0.2593, 0.1481, 0.1481, 0.1852, 0.1481, 0.1481, 0.1852, 0.2222, 0.1852, 0.1111, 0.1852, 0.1852], "error_encoding": [0.3333, 0.3333, 0.3333, 0.3333, 0.3333, 0.3333, 0.3333, 0.3333, 0.3333, 0.3333, 0.3333, 0.3333, 0.3333, 0.3333, 0.3333, 0.3333, 0.3333, 0.3333, 0.3333, 0.3333, 0.3333, 0.3333, 0.3333, 0.3333, 0.3333, 0.3333, 0.3333, 0.3333, 0.3333, 0.3333], "error_classic": [0.3333, 0.3333, 0.3333, 0.3333, 0.3333, 0.3333, 0.3333, 0.3333, 0.3333, 0.3333, 0.3333, 0.3333, 0.3333, 0.3333, 0.3333, 0.3333, 0.3333, 0.3333, 0.3333, 0.3333, 0.3333, 0.3333, 0.3333, 0.3333, 0.3333, 0.3333, 0.3333, 0.3333, 0.3333, 0.3333], "error_classic_bin": [0.1111, 0.1111, 0.1111, 0.1111, 0.1111, 0.1111, 0.1111, 0.1111, 0.1111, 0.1111, 0.1111, 0.1111, 0.1111, 0.1111, 0.1111, 0.1111, 0.1111, 0.1111, 0.1111, 0.1111, 0.1111, 0.1111, 0.1111, 0.1111, 0.1111, 0.1111, 0.1111, 0.1111, 0.1111, 0.1111], "weights_learned_HSGS": [[0.486971903179, 0.065468479729, 0.065468479729, 0.486971903179, 0.065468479729, -0.065468479729, -0.065468479729, 0.065468479729, 0.065468479729, -0.065468479729, -0.065468479729, 0.065468479729, 0.486971903179, 0.065468479729, 0.065468479729, 0.486971903179], [-0.294146850938, 0.294146850938, 0.098238415007, -0.294146850938, 0.294146850938, 0.294146850938, 0.098238415007, 0.294146850938, 0.294146850938, 0.294146850938, 0.098238415007, 0.098238415007, -0.294146850938, 0.294146850938, 0.098238415007, -0.294146850938]], "weights_learned_encoding": [[0.481291554301, 0.078227104761, 0.078227104761, 0.481291554301, 0.078227104761, -0.078227104761, -0.078227104761, 0.078227104761, 0.078227104761, -0.078227104761, -0.078227104761, 0.078227104761, 0.481291554301, 0.078227104761, 0.078227104761, 0.481291554301], [-0.243111357346, 0.243111357346, 0.264524307852, -0.243111357346, 0.243111357346, 0.243111357346, 0.264524307852, 0.243111357346, 0.243111357346, 0.243111357346, 0.264524307852, 0.264524307852, -0.243111357346, 0.243111357346, 0.264524307852, -0.243111357346]], "weights_learned_classic": [[0.4810963081, 0.078626421199, 0.078626421199, 0.4810963081, 0.078626421199, -0.078626421199, -0.078626421199, 0.078626421199, 0.078626421199, -0.078626421199, -0.078626421199, 0.078626421199, 0.4810963081, 0.078626421199, 0.078626421199, 0.481096308102], [-0.256473162111, 0.256473162111, 0.235132595904, -0.256473162111, 0.256473162111, 0.256473162111, 0.235132595904, 0.256473162111, 0.256473162111, 0.256473162111, 0.235132595904, 0.235132595904, -0.256473162111, 0.256473162111, 0.235132595904, -0.256473162111]], "weights_learned_classic_bin": [[0.487162540651, 0.064993997123, 0.06499399712, 0.487162540651, 0.06499399712, -0.064993997123, -0.064993997123, 0.06499399712, 0.06499399712, -0.06499399712, -0.064993997123, 0.064993997123, 0.487162540651, 0.064993997123, 0.06499399712, 0.487162540654], [-0.294153459384, 0.294153459384, 0.098194873246, -0.294153459384, 0.294153459384, 0.294153459384, 0.098194873246, 0.294153459384, 0.294153459384, 0.294153459384, 0.098194873246, 0.098194873246, -0.294153459384, 0.294153459384, 0.098194873246, -0.294153459384]]}