{"error_HSGS": [0.037, 0.2222, 0.037, 0.1852, 0.1111, 0.1111, 0.1111, 0.1111, 0.1111, 0.1852, 0.1111, 0.1111, 0.1852, 0.1852, 0.1481, 0.1481, 0.1481, 0.1852, 0.1852, 0.1852, 0.1481, 0.1481, 0.1852, 0.1481, 0.1481, 0.1481, 0.0741, 0.0741, 0.1481, 0.1111], "error_encoding": [0.1111, 0.1111, 0.1111, 0.1481, 0.1111, 0.1111, 0.0741, 0.1111, 0.1481, 0.1481, 0.1111, 0.1481, 0.1481, 0.0741, 0.1481, 0.1481, 0.0741, 0.1111, 0.1481, 0.1111, 0.1481, 0.1481, 0.1481, 0.1481, 0.1481, 0.1481, 0.1111, 0.1481, 0.1111, 0.1481], "error_classic": [0.1111, 0.1111, 0.1111, 0.1111, 0.1111, 0.1111, 0.1111, 0.1111, 0.1111, 0.1111, 0.1111, 0.1111, 0.1111, 0.1111, 0.1111, 0.1111, 0.1111, 0.1111, 0.1111, 0.1111, 0.1111, 0.1111, 0.1111, 0.1111, 0.1111, 0.1111, 0.1111, 0.1111, 0.1111, 0.1111], "error_classic_bin": [0.0741, 0.0741, 0.0741, 0.0741, 0.0741, 0.0741, 0.0741, 0.0741, 0.0741, 0.0741, 0.0741, 0.0741, 0.0741, 0.0741, 0.0741, 0.0741, 0.0741, 0.0741, 0.0741, 0.0741, 0.0741, 0.0741, 0.0741, 0.0741, 0.0741, 0.0741, 0.0741, 0.0741, 0.0741, 0.0741], "weights_learned_HSGS": [[0.118508694181, -0.118508694181, -0.35327067822, 0.118508694181, -0.35327067822, 0.118508694181, 0.118508694181, -0.35327067822, -0.35327067822, 0.35327067822, 0.118508694181, -0.118508694181, 0.118508694181, -0.118508694181, -0.35327067822, 0.35327067822], [0.118838962023, 0.353128003896, 0.118838962023, 0.118838962023, 0.353128003896, -0.118838962023, -0.353128003896, 0.353128003896, 0.353128003896, -0.118838962023, -0.353128003896, 0.118838962023, 0.118838962023, 0.353128003896, 0.118838962023, 0.118838962023], [-0.076073889733, 0.285314308147, 0.285314308147, -0.285314308147, 0.285314308147, 0.285314308147, 0.076073889733, 0.285314308147, 0.285314308147, 0.285314308147, 0.076073889733, 0.285314308147, -0.285314308147, 0.076073889733, 0.285314308147, -0.285314308147]], "weights_learned_encoding": [[0.270736777252, -0.270736777252, -0.220491132634, 0.270736777252, -0.220491132634, 0.270736777252, 0.270736777252, -0.220491132634, -0.220491132634, 0.220491132634, 0.270736777252, -0.270736777252, 0.270736777252, -0.270736777252, -0.220491132634, 0.220491132634], [0.270867780415, 0.220284170302, 0.270867780415, 0.270867780415, 0.220284170302, -0.270867780415, -0.220284170302, 0.220284170302, 0.220284170302, -0.270867780415, -0.220284170302, 0.270867780415, 0.270867780415, 0.220284170302, 0.270867780415, 0.270867780415], [-0.205358712152, 0.263203216383, 0.263203216383, -0.263203216383, 0.263203216383, 0.263203216383, 0.205358712152, 0.263203216383, 0.263203216383, 0.263203216383, 0.205358712152, 0.263203216383, -0.263203216383, 0.205358712152, 0.263203216383, -0.263203216383]], "weights_learned_classic": [[0.226542738093, -0.226542738093, -0.277258386542, 0.226542738093, -0.277258386542, 0.226542738093, 0.226542738093, -0.277258386542, -0.277258386542, 0.277258386542, 0.226542738093, -0.226542738093, 0.226542738093, -0.226542738093, -0.277258386542, 0.277258386542], [0.226542738093, 0.277258386542, 0.226542738093, 0.226542738093, 0.277258386542, -0.226542738093, -0.277258386542, 0.277258386542, 0.277258386542, -0.226542738093, -0.277258386542, 0.226542738093, 0.226542738093, 0.277258386542, 0.226542738093, 0.226542738093], [-0.205464471809, 0.263175702288, 0.263175702288, -0.263175702288, 0.263175702288, 0.263175702288, 0.205464471809, 0.263175702288, 0.263175702288, 0.263175702288, 0.205464471809, 0.263175702288, -0.263175702288, 0.205464471809, 0.263175702288, -0.263175702288]], "weights_learned_classic_bin": [[0.118657086573, -0.118657086573, -0.35320662958, 0.118657086573, -0.35320662958, 0.118657086573, 0.118657086573, -0.35320662958, -0.35320662958, 0.35320662958, 0.118657086573, -0.118657086573, 0.118657086573, -0.118657086573, -0.35320662958, 0.35320662958], [0.118657086573, 0.35320662958, 0.118657086573, 0.118657086573, 0.35320662958, -0.118657086573, -0.35320662958, 0.35320662958, 0.35320662958, -0.118657086573, -0.35320662958, 0.118657086573, 0.118657086573, 0.35320662958, 0.118657086573, 0.118657086573], [-0.076792507337, 0.28525013048, 0.28525013048, -0.28525013048, 0.28525013048, 0.28525013048, 0.076792507337, 0.28525013048, 0.28525013048, 0.28525013048, 0.076792507337, 0.28525013048, -0.28525013048, 0.076792507337, 0.28525013048, -0.28525013048]]}