{"error_HSGS": [0.2593, 0.1852, 0.1852, 0.1481, 0.1852, 0.2222, 0.1852, 0.1852, 0.1852, 0.1852, 0.1111, 0.1852, 0.1481, 0.1852, 0.2593, 0.1852, 0.1111, 0.1481, 0.1852, 0.1852, 0.1852, 0.2222, 0.2222, 0.2222, 0.2222, 0.1481, 0.1852, 0.1852, 0.2222, 0.2593], "error_encoding": [0.0, 0.0, 0.0, 0.0, 0.0, 0.0, 0.0, 0.0, 0.0, 0.0, 0.0, 0.0, 0.0, 0.0, 0.0, 0.0, 0.0, 0.0, 0.0, 0.0, 0.0, 0.0, 0.0, 0.0, 0.0, 0.037, 0.0, 0.0, 0.0, 0.0], "error_classic": [0.0, 0.0, 0.0, 0.0, 0.0, 0.0, 0.0, 0.0, 0.0, 0.0, 0.0, 0.0, 0.0, 0.0, 0.0, 0.0, 0.0, 0.0, 0.0, 0.0, 0.0, 0.0, 0.0, 0.0, 0.0, 0.0, 0.0, 0.0, 0.0, 0.0], "error_classic_bin": [0.1111, 0.1111, 0.1111, 0.1111, 0.1111, 0.1111, 0.1111, 0.1111, 0.1111, 0.1111, 0.1111, 0.1111, 0.1111, 0.1111, 0.1111, 0.1111, 0.1111, 0.1111, 0.1111, 0.1111, 0.1111, 0.1111, 0.1111, 0.1111, 0.1111, 0.1111, 0.1111, 0.1111, 0.1111, 0.1111], "weights_learned_HSGS": [[-0.065536599945, 0.065536599945, 0.065536599945, -0.065536599945, 0.065536599945, 0.217768162137, 0.217768162137, 0.065536599945, 0.065536599945, 0.217768162137, 0.217768162137, 0.065536599945, -0.065536599945, 0.065536599945, 0.065536599945, -0.065536599945, -0.217768162137, -0.217768162137, -0.217768162137, -0.217768162137, -0.217768162137, -0.217768162137, -0.217768162137, -0.217768162137, -0.217768162137, -0.217768162137, -0.217768162137, -0.217768162137, -0.217768162137, -0.217768162137, -0.217768162137, -0.217768162137], [0.217408845739, 0.217408845739, 0.217408845739, 0.025939211596, 0.217408845739, -0.025939211596, -0.217408845739, 0.217408845739, 0.217408845739, -0.025939211596, -0.217408845739, 0.217408845739, 0.025939211596, 0.025939211596, 0.217408845739, 0.025939211596, -0.217408845739, -0.217408845739, -0.217408845739, -0.025939211596, -0.217408845739, -0.217408845739, -0.217408845739, -0.217408845739, -0.025939211596, -0.217408845739, -0.025939211596, -0.025939211596, -0.217408845739, -0.217408845739, -0.025939211596, -0.217408845739]], "weights_learned_encoding": [[-0.042792244126, 0.042792244126, 0.042792244126, -0.042792244126, 0.042792244126, 0.221136370382, 0.221136370382, 0.042792244126, 0.042792244126, 0.221136370382, 0.221136370382, 0.042792244126, -0.042792244126, 0.042792244126, 0.042792244126, -0.042792244126, -0.221136370382, -0.221136370382, -0.221136370382, -0.221136370382, -0.221136370382, -0.221136370382, -0.221136370382, -0.221136370382, -0.221136370382, -0.221136370382, -0.221136370382, -0.221136370382, -0.221136370382, -0.221136370382, -0.221136370382, -0.221136370382], [0.180958372506, 0.180958372506, 0.180958372506, 0.168505574718, 0.180958372506, -0.168505574718, -0.180958372506, 0.180958372506, 0.180958372506, -0.168505574718, -0.180958372506, 0.180958372506, 0.168505574718, 0.168505574718, 0.180958372506, 0.168505574718, -0.180958372506, -0.180958372506, -0.180958372506, -0.168505574718, -0.180958372506, -0.180958372506, -0.180958372506, -0.180958372506, -0.168505574718, -0.180958372506, -0.168505574718, -0.168505574718, -0.180958372506, -0.180958372506, -0.168505574718, -0.180958372506]], "weights_learned_classic": [[-0.042105249241, 0.042105249241, 0.042105249241, -0.042105249241, 0.042105249241, 0.221215480452, 0.221215480452, 0.042105249241, 0.042105249241, 0.221215480453, 0.221215480452, 0.042105249241, -0.042105249241, 0.042105249241, 0.042105249241, -0.042105249241, -0.221215480453, -0.221215480452, -0.221215480453, -0.221215480453, -0.221215480452, -0.221215480452, -0.221215480453, -0.221215480452, -0.221215480452, -0.221215480452, -0.221215480453, -0.221215480453, -0.221215480453, -0.221215480452, -0.221215480453, -0.221215480453], [0.180933663988, 0.180933663988, 0.180933663988, 0.168556220444, 0.180933663988, -0.168556220444, -0.180933663988, 0.180933663988, 0.180933663988, -0.168556220444, -0.180933663988, 0.180933663988, 0.168556220444, 0.168556220444, 0.180933663988, 0.168556220444, -0.180933663988, -0.180933663988, -0.180933663988, -0.168556220444, -0.180933663988, -0.180933663988, -0.180933663988, -0.180933663988, -0.168556220444, -0.180933663988, -0.168556220444, -0.168556220444, -0.180933663988, -0.180933663988, -0.168556220444, -0.180933663988]], "weights_learned_classic_bin": [[-0.065536360008, 0.065536360008, 0.065536360007, -0.065536360008, 0.065536360007, 0.217768205462, 0.217768205462, 0.065536360007, 0.065536360007, 0.217768205462, 0.217768205462, 0.065536360008, -0.065536360008, 0.065536360008, 0.065536360007, -0.065536360007, -0.217768205462, -0.217768205462, -0.217768205462, -0.217768205462, -0.217768205462, -0.217768205462, -0.217768205462, -0.217768205462, -0.217768205462, -0.217768205462, -0.217768205462, -0.217768205462, -0.217768205462, -0.217768205462, -0.217768205462, -0.217768205462], [0.217397899337, 0.217397899337, 0.217397899337, 0.026113773163, 0.217397899337, -0.026113773163, -0.217397899337, 0.217397899337, 0.217397899337, -0.026113773163, -0.217397899337, 0.217397899337, 0.026113773163, 0.026113773163, 0.217397899337, 0.026113773163, -0.217397899337, -0.217397899337, -0.217397899337, -0.026113773163, -0.217397899337, -0.217397899337, -0.217397899337, -0.217397899337, -0.026113773163, -0.217397899337, -0.026113773163, -0.026113773163, -0.217397899337, -0.217397899337, -0.026113773163, -0.217397899337]]}