{"error_HSGS": [0.2222, 0.2222, 0.3333, 0.2222, 0.2963, 0.1852, 0.1852, 0.2222, 0.2222, 0.2593, 0.2963, 0.2593, 0.2963, 0.1852, 0.2593, 0.2963, 0.2963, 0.2593, 0.1852, 0.3333, 0.2593, 0.1481, 0.2593, 0.3333, 0.3333, 0.2593, 0.2963, 0.2222, 0.2222, 0.1852], "error_encoding": [0.1481, 0.2222, 0.2222, 0.2222, 0.1852, 0.2222, 0.1852, 0.2222, 0.1852, 0.2222, 0.1852, 0.1852, 0.2222, 0.1852, 0.1852, 0.1852, 0.1852, 0.2222, 0.1852, 0.1852, 0.2222, 0.2222, 0.1852, 0.1852, 0.2222, 0.1481, 0.2222, 0.2222, 0.1481, 0.2222], "error_classic": [0.1852, 0.1852, 0.1852, 0.1852, 0.1852, 0.1852, 0.1852, 0.1852, 0.1852, 0.1852, 0.1852, 0.1852, 0.1852, 0.1852, 0.1852, 0.1852, 0.1852, 0.1852, 0.1852, 0.1852, 0.1852, 0.1852, 0.1852, 0.1852, 0.1852, 0.1852, 0.1852, 0.1852, 0.1852, 0.1852], "error_classic_bin": [0.2963, 0.2963, 0.2963, 0.2963, 0.2963, 0.2963, 0.2963, 0.2963, 0.2963, 0.2963, 0.2963, 0.2963, 0.2963, 0.2963, 0.2963, 0.2963, 0.2963, 0.2963, 0.2963, 0.2963, 0.2963, 0.2963, 0.2963, 0.2963, 0.2963, 0.2963, 0.2963, 0.2963, 0.2963, 0.2963], "weights_learned_HSGS": [[0.118555002603, -0.118555002603, -0.35325070058, 0.118555002603, -0.35325070058, 0.118555002603, 0.118555002603, -0.35325070058, -0.35325070058, 0.35325070058, 0.118555002603, -0.118555002603, 0.118555002603, -0.118555002603, -0.35325070058, 0.35325070058], [0.077525512861, 0.344948974279, 0.344948974278, 0.077525512861, 0.344948974279, -0.077525512861, -0.077525512861, 0.344948974279, 0.344948974279, -0.077525512861, -0.077525512861, 0.344948974278, 0.077525512861, 0.344948974279, 0.344948974278, 0.077525512861]], "weights_learned_encoding": [[0.258616743816, -0.258616743816, -0.238464258587, 0.258616743816, -0.238464258587, 0.258616743816, 0.258616743816, -0.238464258587, -0.238464258587, 0.238464258587, 0.258616743816, -0.258616743816, 0.258616743816, -0.258616743816, -0.238464258587, 0.238464258587], [0.054648667758, 0.349304341674, 0.349304341674, 0.054648667758, 0.349304341674, -0.054648667758, -0.054648667758, 0.349304341674, 0.349304341674, -0.054648667758, -0.054648667758, 0.349304341674, 0.054648667758, 0.349304341674, 0.349304341674, 0.054648667758]], "weights_learned_classic": [[0.241073367946, -0.241073367946, -0.261028920511, 0.241073367946, -0.261028920511, 0.241073367946, 0.241073367946, -0.261028920511, -0.261028920511, 0.261028920511, 0.241073367946, -0.241073367946, 0.241073367946, -0.241073367946, -0.261028920511, 0.261028920511], [0.055075785728, 0.349237251488, 0.349237251487, 0.055075785728, 0.349237251488, -0.055075785728, -0.055075785728, 0.349237251488, 0.349237251488, -0.055075785728, -0.055075785728, 0.349237251487, 0.055075785728, 0.349237251488, 0.349237251487, 0.055075785728]], "weights_learned_classic_bin": [[0.118657086573, -0.118657086573, -0.35320662958, 0.118657086573, -0.35320662958, 0.118657086573, 0.118657086573, -0.35320662958, -0.35320662958, 0.35320662958, 0.118657086573, -0.118657086573, 0.118657086573, -0.118657086573, -0.35320662958, 0.35320662958], [0.077525512861, 0.344948974279, 0.344948974278, 0.077525512861, 0.344948974279, -0.077525512861, -0.077525512861, 0.344948974279, 0.344948974279, -0.077525512861, -0.077525512861, 0.344948974278, 0.077525512861, 0.344948974279, 0.344948974278, 0.077525512861]]}