{"error_HSGS": [0.0, 0.0, 0.0, 0.0, 0.0, 0.0, 0.0, 0.0, 0.0, 0.0, 0.0, 0.0, 0.0, 0.0, 0.0, 0.0, 0.0, 0.0, 0.0, 0.0, 0.0, 0.0, 0.0, 0.0, 0.0, 0.0, 0.0, 0.0, 0.0, 0.0], "error_encoding": [0.0, 0.0, 0.0, 0.0, 0.0, 0.0, 0.0, 0.0, 0.0, 0.0, 0.0, 0.0, 0.0, 0.0, 0.0, 0.0, 0.0, 0.0, 0.0, 0.0, 0.0, 0.0, 0.0, 0.0, 0.0, 0.0, 0.0, 0.0, 0.0, 0.0], "error_classic": [0.0, 0.0, 0.0, 0.0, 0.0, 0.0, 0.0, 0.0, 0.0, 0.0, 0.0, 0.0, 0.0, 0.0, 0.0, 0.0, 0.0, 0.0, 0.0, 0.0, 0.0, 0.0, 0.0, 0.0, 0.0, 0.0, 0.0, 0.0, 0.0, 0.0], "error_classic_bin": [0.0, 0.0, 0.0, 0.0, 0.0, 0.0, 0.0, 0.0, 0.0, 0.0, 0.0, 0.0, 0.0, 0.0, 0.0, 0.0, 0.0, 0.0, 0.0, 0.0, 0.0, 0.0, 0.0, 0.0, 0.0, 0.0, 0.0, 0.0, 0.0, 0.0], "weights_learned_HSGS": [[0.118704578908, -0.118704578908, -0.353186111706, 0.118704578908, -0.353186111706, 0.118704578908, 0.118704578908, -0.353186111706, -0.353186111706, 0.353186111706, 0.118704578908, -0.118704578908, 0.118704578908, -0.118704578908, -0.353186111706, 0.353186111706], [0.118591191331, 0.353235082396, 0.118591191331, 0.118591191331, 0.353235082396, -0.118591191331, -0.353235082396, 0.353235082396, 0.353235082396, -0.118591191331, -0.353235082396, 0.118591191331, 0.118591191331, 0.353235082396, 0.118591191331, 0.118591191331], [-0.075594506046, 0.285356777068, 0.285356777068, -0.285356777068, 0.285356777068, 0.285356777068, 0.075594506046, 0.285356777068, 0.285356777068, 0.285356777068, 0.075594506046, 0.285356777068, -0.285356777068, 0.075594506046, 0.285356777068, -0.285356777068]], "weights_learned_encoding": [[0.270917852137, -0.270917852137, -0.220204987793, 0.270917852137, -0.220204987793, 0.270917852137, 0.270917852137, -0.220204987793, -0.220204987793, 0.220204987793, 0.270917852137, -0.270917852137, 0.270917852137, -0.270917852137, -0.220204987793, 0.220204987793], [0.27101324845, 0.22005401041, 0.27101324845, 0.27101324845, 0.22005401041, -0.27101324845, -0.22005401041, 0.22005401041, 0.22005401041, -0.27101324845, -0.22005401041, 0.27101324845, 0.27101324845, 0.22005401041, 0.27101324845, 0.27101324845], [-0.204839084054, 0.263338153739, 0.263338153739, -0.263338153739, 0.263338153739, 0.263338153739, 0.204839084054, 0.263338153739, 0.263338153739, 0.263338153739, 0.204839084054, 0.263338153739, -0.263338153739, 0.204839084054, 0.263338153739, -0.263338153739]], "weights_learned_classic": [[0.226340010217, -0.226340010217, -0.277471182024, 0.226340010217, -0.277471182024, 0.226340010217, 0.226340010217, -0.277471182024, -0.277471182024, 0.277471182024, 0.226340010217, -0.226340010217, 0.226340010217, -0.226340010217, -0.277471182024, 0.277471182024], [0.226340010217, 0.277471182024, 0.226340010217, 0.226340010217, 0.277471182024, -0.226340010217, -0.277471182024, 0.277471182024, 0.277471182024, -0.226340010217, -0.277471182024, 0.226340010217, 0.226340010217, 0.277471182024, 0.226340010217, 0.226340010217], [-0.20509427678, 0.263271936492, 0.263271936492, -0.263271936492, 0.263271936492, 0.263271936492, 0.20509427678, 0.263271936492, 0.263271936492, 0.263271936492, 0.20509427678, 0.263271936492, -0.263271936492, 0.20509427678, 0.263271936492, -0.263271936492]], "weights_learned_classic_bin": [[0.118657086573, -0.118657086573, -0.35320662958, 0.118657086573, -0.35320662958, 0.118657086573, 0.118657086573, -0.35320662958, -0.35320662958, 0.35320662958, 0.118657086573, -0.118657086573, 0.118657086573, -0.118657086573, -0.35320662958, 0.35320662958], [0.118657086573, 0.35320662958, 0.118657086573, 0.118657086573, 0.35320662958, -0.118657086573, -0.35320662958, 0.35320662958, 0.35320662958, -0.118657086573, -0.35320662958, 0.118657086573, 0.118657086573, 0.35320662958, 0.118657086573, 0.118657086573], [-0.076792507337, 0.28525013048, 0.28525013048, -0.28525013048, 0.28525013048, 0.28525013048, 0.076792507337, 0.28525013048, 0.28525013048, 0.28525013048, 0.076792507337, 0.28525013048, -0.28525013048, 0.076792507337, 0.28525013048, -0.28525013048]]}