{"error_HSGS": [0.1111, 0.1481, 0.1111, 0.0741, 0.1111, 0.1111, 0.1111, 0.1111, 0.0741, 0.0741, 0.1481, 0.1111, 0.1111, 0.1111, 0.0741, 0.1481, 0.1481, 0.1111, 0.1111, 0.1111, 0.1111, 0.1481, 0.1111, 0.1111, 0.1111, 0.1481, 0.0741, 0.1111, 0.1111, 0.1111], "error_encoding": [0.2593, 0.2593, 0.2593, 0.2593, 0.2593, 0.2593, 0.2593, 0.2593, 0.2593, 0.2593, 0.2593, 0.2593, 0.2593, 0.2593, 0.2593, 0.2593, 0.2593, 0.2593, 0.2593, 0.2593, 0.2593, 0.2593, 0.2593, 0.2593, 0.2593, 0.2593, 0.2593, 0.2593, 0.2593, 0.2593], "error_classic": [0.2593, 0.2593, 0.2593, 0.2593, 0.2593, 0.2593, 0.2593, 0.2593, 0.2593, 0.2593, 0.2593, 0.2593, 0.2593, 0.2593, 0.2593, 0.2593, 0.2593, 0.2593, 0.2593, 0.2593, 0.2593, 0.2593, 0.2593, 0.2593, 0.2593, 0.2593, 0.2593, 0.2593, 0.2593, 0.2593], "error_classic_bin": [0.0741, 0.0741, 0.0741, 0.0741, 0.0741, 0.0741, 0.0741, 0.0741, 0.0741, 0.0741, 0.0741, 0.0741, 0.0741, 0.0741, 0.0741, 0.0741, 0.0741, 0.0741, 0.0741, 0.0741, 0.0741, 0.0741, 0.0741, 0.0741, 0.0741, 0.0741, 0.0741, 0.0741, 0.0741, 0.0741], "weights_learned_HSGS": [[-0.065239640912, 0.065239640912, 0.065239640912, -0.065239640912, 0.065239640912, 0.4870640284, 0.4870640284, 0.065239640912, 0.065239640912, 0.4870640284, 0.4870640284, 0.065239640912, -0.065239640912, 0.065239640912, 0.065239640912, -0.065239640912], [0.118607625722, 0.353227987907, 0.118607625722, 0.118607625722, 0.353227987907, -0.118607625722, -0.353227987907, 0.353227987907, 0.353227987907, -0.118607625722, -0.353227987907, 0.118607625722, 0.118607625722, 0.353227987907, 0.118607625722, 0.118607625722]], "weights_learned_encoding": [[-0.078211774193, 0.078211774193, 0.078211774193, -0.078211774193, 0.078211774193, 0.48129902881, 0.48129902881, 0.078211774193, 0.078211774193, 0.48129902881, 0.48129902881, 0.078211774193, -0.078211774193, 0.078211774193, 0.078211774193, -0.078211774193], [0.25851164274, 0.238610733536, 0.25851164274, 0.25851164274, 0.238610733536, -0.25851164274, -0.238610733536, 0.238610733536, 0.238610733536, -0.25851164274, -0.238610733536, 0.25851164274, 0.25851164274, 0.238610733536, 0.25851164274, 0.25851164274]], "weights_learned_classic": [[-0.078626421199, 0.078626421199, 0.078626421199, -0.078626421199, 0.078626421199, 0.4810963081, 0.4810963081, 0.078626421199, 0.078626421199, 0.481096308102, 0.4810963081, 0.078626421199, -0.078626421199, 0.078626421199, 0.078626421199, -0.078626421199], [0.241073367946, 0.261028920511, 0.241073367946, 0.241073367946, 0.261028920511, -0.241073367946, -0.261028920511, 0.261028920511, 0.261028920511, -0.241073367946, -0.261028920511, 0.241073367946, 0.241073367946, 0.261028920511, 0.241073367946, 0.241073367946]], "weights_learned_classic_bin": [[-0.064993997123, 0.064993997123, 0.06499399712, -0.064993997123, 0.06499399712, 0.487162540651, 0.487162540651, 0.06499399712, 0.06499399712, 0.487162540654, 0.487162540651, 0.064993997123, -0.064993997123, 0.064993997123, 0.06499399712, -0.06499399712], [0.118657086573, 0.35320662958, 0.118657086573, 0.118657086573, 0.35320662958, -0.118657086573, -0.35320662958, 0.35320662958, 0.35320662958, -0.118657086573, -0.35320662958, 0.118657086573, 0.118657086573, 0.35320662958, 0.118657086573, 0.118657086573]]}