{"error_HSGS": [0.0, 0.0, 0.0, 0.0, 0.0, 0.0, 0.0, 0.0, 0.0, 0.0, 0.0, 0.0, 0.0, 0.0, 0.0, 0.0, 0.0, 0.0, 0.0, 0.0, 0.0, 0.0, 0.0, 0.0, 0.0, 0.0, 0.0, 0.0, 0.0, 0.0], "error_encoding": [0.0, 0.0, 0.0, 0.0, 0.0, 0.0, 0.0, 0.0, 0.0, 0.0, 0.0, 0.0, 0.0, 0.0, 0.0, 0.0, 0.0, 0.0, 0.0, 0.0, 0.0, 0.0, 0.0, 0.0, 0.0, 0.0, 0.0, 0.0, 0.0, 0.0], "error_classic": [0.0, 0.0, 0.0, 0.0, 0.0, 0.0, 0.0, 0.0, 0.0, 0.0, 0.0, 0.0, 0.0, 0.0, 0.0, 0.0, 0.0, 0.0, 0.0, 0.0, 0.0, 0.0, 0.0, 0.0, 0.0, 0.0, 0.0, 0.0, 0.0, 0.0], "error_classic_bin": [0.0, 0.0, 0.0, 0.0, 0.0, 0.0, 0.0, 0.0, 0.0, 0.0, 0.0, 0.0, 0.0, 0.0, 0.0, 0.0, 0.0, 0.0, 0.0, 0.0, 0.0, 0.0, 0.0, 0.0, 0.0, 0.0, 0.0, 0.0, 0.0, 0.0], "weights_learned_HSGS": [[0.037158038305, -0.037158038305, -0.247223138459, 0.037158038305, -0.247223138459, 0.037158038305, 0.037158038305, -0.247223138459, -0.247223138459, 0.247223138459, 0.037158038305, -0.037158038305, 0.037158038305, -0.037158038305, -0.247223138459, 0.247223138459, -0.247223138459, -0.037158038305, -0.247223138459, -0.247223138459, -0.037158038305, -0.037158038305, -0.247223138459, -0.037158038305, -0.037158038305, -0.037158038305, -0.247223138459, -0.247223138459, -0.247223138459, -0.037158038305, -0.247223138459, -0.247223138459], [0.217370322257, 0.217370322257, 0.217370322257, 0.026548417247, 0.217370322257, -0.026548417247, -0.217370322257, 0.217370322257, 0.217370322257, -0.026548417247, -0.217370322257, 0.217370322257, 0.026548417247, 0.026548417247, 0.217370322257, 0.026548417247, -0.217370322257, -0.217370322257, -0.217370322257, -0.026548417247, -0.217370322257, -0.217370322257, -0.217370322257, -0.217370322257, -0.026548417247, -0.217370322257, -0.026548417247, -0.026548417247, -0.217370322257, -0.217370322257, -0.026548417247, -0.217370322257], [-0.255251367805, 0.255251367805, 0.255251367805, -0.036542552554, 0.255251367805, 0.255251367805, 0.255251367805, 0.036542552554, 0.036542552554, 0.255251367805, 0.036542552554, 0.036542552554, -0.036542552554, 0.036542552554, 0.255251367805, -0.036542552554, -0.036542552554, -0.036542552554, -0.036542552554, -0.255251367805, -0.255251367805, -0.036542552554, -0.255251367805, -0.036542552554, -0.036542552554, -0.036542552554, -0.255251367805, -0.036542552554, -0.255251367805, -0.036542552554, -0.255251367805, -0.255251367805]], "weights_learned_encoding": [[0.193417945375, -0.193417945375, -0.158396648976, 0.193417945375, -0.158396648976, 0.193417945375, 0.193417945375, -0.158396648976, -0.158396648976, 0.158396648976, 0.193417945375, -0.193417945375, 0.193417945375, -0.193417945375, -0.158396648976, 0.158396648976, -0.158396648976, -0.193417945375, -0.158396648976, -0.158396648976, -0.193417945375, -0.193417945375, -0.158396648976, -0.193417945375, -0.193417945375, -0.193417945375, -0.158396648976, -0.158396648976, -0.158396648976, -0.193417945375, -0.158396648976, -0.158396648976], [0.188662030407, 0.188662030407, 0.188662030407, 0.151519396878, 0.188662030407, -0.151519396878, -0.188662030407, 0.188662030407, 0.188662030407, -0.151519396878, -0.188662030407, 0.188662030407, 0.151519396878, 0.151519396878, 0.188662030407, 0.151519396878, -0.188662030407, -0.188662030407, -0.188662030407, -0.151519396878, -0.188662030407, -0.188662030407, -0.188662030407, -0.188662030407, -0.151519396878, -0.188662030407, -0.151519396878, -0.151519396878, -0.188662030407, -0.188662030407, -0.151519396878, -0.188662030407], [-0.156971700153, 0.156971700153, 0.156971700153, -0.192567525249, 0.156971700153, 0.156971700153, 0.156971700153, 0.192567525249, 0.192567525249, 0.156971700153, 0.192567525249, 0.192567525249, -0.192567525249, 0.192567525249, 0.156971700153, -0.192567525249, -0.192567525249, -0.192567525249, -0.192567525249, -0.156971700153, -0.156971700153, -0.192567525249, -0.156971700153, -0.192567525249, -0.192567525249, -0.192567525249, -0.156971700153, -0.192567525249, -0.156971700153, -0.192567525249, -0.156971700153, -0.156971700153]], "weights_learned_classic": [[0.158232232763, -0.158232232763, -0.193552474835, 0.158232232763, -0.193552474835, 0.158232232763, 0.158232232763, -0.193552474835, -0.193552474835, 0.193552474835, 0.158232232763, -0.158232232763, 0.158232232763, -0.158232232763, -0.193552474835, 0.193552474835, -0.193552474835, -0.158232232763, -0.193552474835, -0.193552474835, -0.158232232763, -0.158232232763, -0.193552474835, -0.158232232763, -0.158232232763, -0.158232232763, -0.193552474835, -0.193552474835, -0.193552474835, -0.158232232763, -0.193552474835, -0.193552474835], [0.18864053445, 0.18864053445, 0.18864053445, 0.151570482858, 0.18864053445, -0.151570482858, -0.18864053445, 0.18864053445, 0.18864053445, -0.151570482858, -0.18864053445, 0.18864053445, 0.151570482858, 0.151570482858, 0.18864053445, 0.151570482858, -0.18864053445, -0.18864053445, -0.18864053445, -0.151570482858, -0.18864053445, -0.18864053445, -0.18864053445, -0.18864053445, -0.151570482858, -0.18864053445, -0.151570482858, -0.151570482858, -0.18864053445, -0.18864053445, -0.151570482858, -0.18864053445], [-0.194704403649, 0.194704403649, 0.194704403649, -0.159291247866, 0.194704403649, 0.194704403649, 0.194704403649, 0.159291247866, 0.159291247866, 0.194704403649, 0.159291247866, 0.159291247866, -0.159291247866, 0.159291247866, 0.194704403649, -0.159291247866, -0.159291247866, -0.159291247866, -0.159291247866, -0.194704403649, -0.194704403649, -0.159291247866, -0.194704403649, -0.159291247866, -0.159291247866, -0.159291247866, -0.194704403649, -0.159291247866, -0.194704403649, -0.159291247866, -0.194704403649, -0.194704403649]], "weights_learned_classic_bin": [[0.037158038305, -0.037158038305, -0.247223138459, 0.037158038305, -0.247223138459, 0.037158038305, 0.037158038305, -0.247223138459, -0.247223138459, 0.247223138459, 0.037158038305, -0.037158038305, 0.037158038305, -0.037158038305, -0.247223138459, 0.247223138459, -0.247223138459, -0.037158038305, -0.247223138459, -0.247223138459, -0.037158038305, -0.037158038305, -0.247223138459, -0.037158038305, -0.037158038305, -0.037158038305, -0.247223138459, -0.247223138459, -0.247223138459, -0.037158038305, -0.247223138459, -0.247223138459], [0.217397899337, 0.217397899337, 0.217397899337, 0.026113773163, 0.217397899337, -0.026113773163, -0.217397899337, 0.217397899337, 0.217397899337, -0.026113773163, -0.217397899337, 0.217397899337, 0.026113773163, 0.026113773163, 0.217397899337, 0.026113773163, -0.217397899337, -0.217397899337, -0.217397899337, -0.026113773163, -0.217397899337, -0.217397899337, -0.217397899337, -0.217397899337, -0.026113773163, -0.217397899337, -0.026113773163, -0.026113773163, -0.217397899337, -0.217397899337, -0.026113773163, -0.217397899337], [-0.255246838434, 0.255246838434, 0.255246838434, -0.03657045741, 0.255246838434, 0.255246838434, 0.255246838434, 0.03657045741, 0.03657045741, 0.255246838434, 0.03657045741, 0.03657045741, -0.03657045741, 0.03657045741, 0.255246838434, -0.03657045741, -0.03657045741, -0.03657045741, -0.03657045741, -0.255246838434, -0.255246838434, -0.03657045741, -0.255246838434, -0.03657045741, -0.03657045741, -0.03657045741, -0.255246838434, -0.03657045741, -0.255246838434, -0.03657045741, -0.255246838434, -0.255246838434]]}