{"error_HSGS": [0.1481, 0.1111, 0.1111, 0.1481, 0.1481, 0.1481, 0.1111, 0.1111, 0.1111, 0.0741, 0.1852, 0.1481, 0.1111, 0.1852, 0.1111, 0.1481, 0.1481, 0.1481, 0.1852, 0.2222, 0.2222, 0.1481, 0.2222, 0.1111, 0.2222, 0.1852, 0.1111, 0.1111, 0.0741, 0.0741], "error_encoding": [0.2222, 0.2222, 0.1852, 0.2222, 0.1852, 0.1481, 0.2222, 0.1481, 0.1481, 0.2963, 0.1852, 0.1852, 0.1852, 0.2593, 0.1852, 0.2222, 0.1852, 0.1852, 0.1852, 0.1852, 0.1852, 0.1852, 0.1481, 0.1852, 0.2222, 0.2222, 0.1852, 0.1852, 0.1852, 0.1481], "error_classic": [0.2963, 0.2963, 0.2963, 0.2963, 0.2963, 0.2963, 0.2963, 0.2963, 0.2963, 0.2963, 0.2963, 0.2963, 0.2963, 0.2963, 0.2963, 0.2963, 0.2963, 0.2963, 0.2963, 0.2963, 0.2963, 0.2963, 0.2963, 0.2963, 0.2963, 0.2963, 0.2963, 0.2963, 0.2963, 0.2963], "error_classic_bin": [0.0741, 0.0741, 0.0741, 0.0741, 0.0741, 0.0741, 0.0741, 0.0741, 0.0741, 0.0741, 0.0741, 0.0741, 0.0741, 0.0741, 0.0741, 0.0741, 0.0741, 0.0741, 0.0741, 0.0741, 0.0741, 0.0741, 0.0741, 0.0741, 0.0741, 0.0741, 0.0741, 0.0741, 0.0741, 0.0741], "weights_learned_HSGS": [[-0.065315686583, 0.065315686583, 0.065315686583, -0.065315686583, 0.065315686583, 0.487033451889, 0.487033451889, 0.065315686583, 0.065315686583, 0.487033451889, 0.487033451889, 0.065315686583, -0.065315686583, 0.065315686583, 0.065315686583, -0.065315686583], [0.118541190569, 0.353256660082, 0.118541190569, 0.118541190569, 0.353256660082, -0.118541190569, -0.353256660082, 0.353256660082, 0.353256660082, -0.118541190569, -0.353256660082, 0.118541190569, 0.118541190569, 0.353256660082, 0.118541190569, 0.118541190569]], "weights_learned_encoding": [[-0.078625568594, 0.078625568594, 0.078625568594, -0.078625568594, 0.078625568594, 0.481096726127, 0.481096726127, 0.078625568594, 0.078625568594, 0.481096726127, 0.481096726127, 0.078625568594, -0.078625568594, 0.078625568594, 0.078625568594, -0.078625568594], [0.258488786214, 0.238642567936, 0.258488786214, 0.258488786214, 0.238642567936, -0.258488786214, -0.238642567936, 0.238642567936, 0.238642567936, -0.258488786214, -0.238642567936, 0.258488786214, 0.258488786214, 0.238642567936, 0.258488786214, 0.258488786214]], "weights_learned_classic": [[-0.078626421199, 0.078626421199, 0.078626421199, -0.078626421199, 0.078626421199, 0.4810963081, 0.4810963081, 0.078626421199, 0.078626421199, 0.481096308102, 0.4810963081, 0.078626421199, -0.078626421199, 0.078626421199, 0.078626421199, -0.078626421199], [0.241073367946, 0.261028920511, 0.241073367946, 0.241073367946, 0.261028920511, -0.241073367946, -0.261028920511, 0.261028920511, 0.261028920511, -0.241073367946, -0.261028920511, 0.241073367946, 0.241073367946, 0.261028920511, 0.241073367946, 0.241073367946]], "weights_learned_classic_bin": [[-0.064993997123, 0.064993997123, 0.06499399712, -0.064993997123, 0.06499399712, 0.487162540651, 0.487162540651, 0.06499399712, 0.06499399712, 0.487162540654, 0.487162540651, 0.064993997123, -0.064993997123, 0.064993997123, 0.06499399712, -0.06499399712], [0.118657086573, 0.35320662958, 0.118657086573, 0.118657086573, 0.35320662958, -0.118657086573, -0.35320662958, 0.35320662958, 0.35320662958, -0.118657086573, -0.35320662958, 0.118657086573, 0.118657086573, 0.35320662958, 0.118657086573, 0.118657086573]]}