{"error_HSGS": [0.0, 0.0, 0.0, 0.0, 0.0, 0.0, 0.0, 0.0, 0.0, 0.0, 0.0, 0.0, 0.0, 0.0, 0.0, 0.0, 0.0, 0.0, 0.0, 0.0, 0.0, 0.0, 0.0, 0.0, 0.0, 0.0, 0.0, 0.0, 0.0, 0.0], "error_encoding": [0.0, 0.0, 0.0, 0.0, 0.0, 0.0, 0.0, 0.0, 0.0, 0.0, 0.0, 0.0, 0.0, 0.0, 0.0, 0.0, 0.0, 0.0, 0.0, 0.0, 0.0, 0.0, 0.0, 0.0, 0.0, 0.0, 0.0, 0.0, 0.0, 0.0], "error_classic": [0.0, 0.0, 0.0, 0.0, 0.0, 0.0, 0.0, 0.0, 0.0, 0.0, 0.0, 0.0, 0.0, 0.0, 0.0, 0.0, 0.0, 0.0, 0.0, 0.0, 0.0, 0.0, 0.0, 0.0, 0.0, 0.0, 0.0, 0.0, 0.0, 0.0], "error_classic_bin": [0.0, 0.0, 0.0, 0.0, 0.0, 0.0, 0.0, 0.0, 0.0, 0.0, 0.0, 0.0, 0.0, 0.0, 0.0, 0.0, 0.0, 0.0, 0.0, 0.0, 0.0, 0.0, 0.0, 0.0, 0.0, 0.0, 0.0, 0.0, 0.0, 0.0], "weights_learned_HSGS": [[0.037158038305, -0.037158038305, -0.247223138459, 0.037158038305, -0.247223138459, 0.037158038305, 0.037158038305, -0.247223138459, -0.247223138459, 0.247223138459, 0.037158038305, -0.037158038305, 0.037158038305, -0.037158038305, -0.247223138459, 0.247223138459, -0.247223138459, -0.037158038305, -0.247223138459, -0.247223138459, -0.037158038305, -0.037158038305, -0.247223138459, -0.037158038305, -0.037158038305, -0.037158038305, -0.247223138459, -0.247223138459, -0.247223138459, -0.037158038305, -0.247223138459, -0.247223138459], [0.217381232351, 0.217381232351, 0.217381232351, 0.026377325413, 0.217381232351, -0.026377325413, -0.217381232351, 0.217381232351, 0.217381232351, -0.026377325413, -0.217381232351, 0.217381232351, 0.026377325413, 0.026377325413, 0.217381232351, 0.026377325413, -0.217381232351, -0.217381232351, -0.217381232351, -0.026377325413, -0.217381232351, -0.217381232351, -0.217381232351, -0.217381232351, -0.026377325413, -0.217381232351, -0.026377325413, -0.026377325413, -0.217381232351, -0.217381232351, -0.026377325413, -0.217381232351], [-0.255250997466, 0.255250997466, 0.255250997466, -0.036544834985, 0.255250997466, 0.255250997466, 0.255250997466, 0.036544834985, 0.036544834985, 0.255250997466, 0.036544834985, 0.036544834985, -0.036544834985, 0.036544834985, 0.255250997466, -0.036544834985, -0.036544834985, -0.036544834985, -0.036544834985, -0.255250997466, -0.255250997466, -0.036544834985, -0.255250997466, -0.036544834985, -0.036544834985, -0.036544834985, -0.255250997466, -0.036544834985, -0.255250997466, -0.036544834985, -0.255250997466, -0.255250997466]], "weights_learned_encoding": [[0.193256410546, -0.193256410546, -0.15859369402, 0.193256410546, -0.15859369402, 0.193256410546, 0.193256410546, -0.15859369402, -0.15859369402, 0.15859369402, 0.193256410546, -0.193256410546, 0.193256410546, -0.193256410546, -0.15859369402, 0.15859369402, -0.15859369402, -0.193256410546, -0.15859369402, -0.15859369402, -0.193256410546, -0.193256410546, -0.15859369402, -0.193256410546, -0.193256410546, -0.193256410546, -0.15859369402, -0.15859369402, -0.15859369402, -0.193256410546, -0.15859369402, -0.15859369402], [0.188357302761, 0.188357302761, 0.188357302761, 0.152241451896, 0.188357302761, -0.152241451896, -0.188357302761, 0.188357302761, 0.188357302761, -0.152241451896, -0.188357302761, 0.188357302761, 0.152241451896, 0.152241451896, 0.188357302761, 0.152241451896, -0.188357302761, -0.188357302761, -0.188357302761, -0.152241451896, -0.188357302761, -0.188357302761, -0.188357302761, -0.188357302761, -0.152241451896, -0.188357302761, -0.152241451896, -0.152241451896, -0.188357302761, -0.188357302761, -0.152241451896, -0.188357302761], [-0.157610272155, 0.157610272155, 0.157610272155, -0.192106746011, 0.157610272155, 0.157610272155, 0.157610272155, 0.192106746011, 0.192106746011, 0.157610272155, 0.192106746011, 0.192106746011, -0.192106746011, 0.192106746011, 0.157610272155, -0.192106746011, -0.192106746011, -0.192106746011, -0.192106746011, -0.157610272155, -0.157610272155, -0.192106746011, -0.157610272155, -0.192106746011, -0.192106746011, -0.192106746011, -0.157610272155, -0.192106746011, -0.157610272155, -0.192106746011, -0.157610272155, -0.157610272155]], "weights_learned_classic": [[0.158656590583, -0.158656590583, -0.193204778059, 0.158656590583, -0.193204778059, 0.158656590583, 0.158656590583, -0.193204778059, -0.193204778059, 0.193204778059, 0.158656590583, -0.158656590583, 0.158656590583, -0.158656590583, -0.193204778059, 0.193204778059, -0.193204778059, -0.158656590583, -0.193204778059, -0.193204778059, -0.158656590583, -0.158656590583, -0.193204778059, -0.158656590583, -0.158656590583, -0.158656590583, -0.193204778059, -0.193204778059, -0.193204778059, -0.158656590583, -0.193204778059, -0.193204778059], [0.188401498271, 0.188401498271, 0.188401498271, 0.152137014932, 0.188401498271, -0.152137014932, -0.188401498271, 0.188401498271, 0.188401498271, -0.152137014932, -0.188401498271, 0.188401498271, 0.152137014932, 0.152137014932, 0.188401498271, 0.152137014932, -0.188401498271, -0.188401498271, -0.188401498271, -0.152137014932, -0.188401498271, -0.188401498271, -0.188401498271, -0.188401498271, -0.152137014932, -0.188401498271, -0.152137014932, -0.152137014932, -0.188401498271, -0.188401498271, -0.152137014932, -0.188401498271], [-0.194331068214, 0.194331068214, 0.194331068214, -0.15969300307, 0.194331068214, 0.194331068214, 0.194331068214, 0.15969300307, 0.15969300307, 0.194331068214, 0.15969300307, 0.15969300307, -0.15969300307, 0.15969300307, 0.194331068214, -0.15969300307, -0.15969300307, -0.15969300307, -0.15969300307, -0.194331068214, -0.194331068214, -0.15969300307, -0.194331068214, -0.15969300307, -0.15969300307, -0.15969300307, -0.194331068214, -0.15969300307, -0.194331068214, -0.15969300307, -0.194331068214, -0.194331068214]], "weights_learned_classic_bin": [[0.037158038305, -0.037158038305, -0.247223138459, 0.037158038305, -0.247223138459, 0.037158038305, 0.037158038305, -0.247223138459, -0.247223138459, 0.247223138459, 0.037158038305, -0.037158038305, 0.037158038305, -0.037158038305, -0.247223138459, 0.247223138459, -0.247223138459, -0.037158038305, -0.247223138459, -0.247223138459, -0.037158038305, -0.037158038305, -0.247223138459, -0.037158038305, -0.037158038305, -0.037158038305, -0.247223138459, -0.247223138459, -0.247223138459, -0.037158038305, -0.247223138459, -0.247223138459], [0.217397899337, 0.217397899337, 0.217397899337, 0.026113773163, 0.217397899337, -0.026113773163, -0.217397899337, 0.217397899337, 0.217397899337, -0.026113773163, -0.217397899337, 0.217397899337, 0.026113773163, 0.026113773163, 0.217397899337, 0.026113773163, -0.217397899337, -0.217397899337, -0.217397899337, -0.026113773163, -0.217397899337, -0.217397899337, -0.217397899337, -0.217397899337, -0.026113773163, -0.217397899337, -0.026113773163, -0.026113773163, -0.217397899337, -0.217397899337, -0.026113773163, -0.217397899337], [-0.255246838434, 0.255246838434, 0.255246838434, -0.03657045741, 0.255246838434, 0.255246838434, 0.255246838434, 0.03657045741, 0.03657045741, 0.255246838434, 0.03657045741, 0.03657045741, -0.03657045741, 0.03657045741, 0.255246838434, -0.03657045741, -0.03657045741, -0.03657045741, -0.03657045741, -0.255246838434, -0.255246838434, -0.03657045741, -0.255246838434, -0.03657045741, -0.03657045741, -0.03657045741, -0.255246838434, -0.03657045741, -0.255246838434, -0.03657045741, -0.255246838434, -0.255246838434]]}