{"error_HSGS": [0.2222, 0.1111, 0.1852, 0.1481, 0.1852, 0.1852, 0.2222, 0.0741, 0.1481, 0.1481, 0.1481, 0.2222, 0.1481, 0.1852, 0.1852, 0.1481, 0.1852, 0.1481, 0.1111, 0.1481, 0.1852, 0.1481, 0.1481, 0.1481, 0.1111, 0.1481, 0.1481, 0.1481, 0.1852, 0.1481], "error_encoding": [0.0, 0.0, 0.0, 0.0, 0.0, 0.0, 0.0, 0.0, 0.0, 0.0, 0.0, 0.0, 0.0, 0.0, 0.0, 0.0, 0.0, 0.0, 0.0, 0.0, 0.0, 0.0, 0.0, 0.0, 0.0, 0.0, 0.0, 0.0, 0.0, 0.0], "error_classic": [0.0, 0.0, 0.0, 0.0, 0.0, 0.0, 0.0, 0.0, 0.0, 0.0, 0.0, 0.0, 0.0, 0.0, 0.0, 0.0, 0.0, 0.0, 0.0, 0.0, 0.0, 0.0, 0.0, 0.0, 0.0, 0.0, 0.0, 0.0, 0.0, 0.0], "error_classic_bin": [0.0741, 0.0741, 0.0741, 0.0741, 0.0741, 0.0741, 0.0741, 0.0741, 0.0741, 0.0741, 0.0741, 0.0741, 0.0741, 0.0741, 0.0741, 0.0741, 0.0741, 0.0741, 0.0741, 0.0741, 0.0741, 0.0741, 0.0741, 0.0741, 0.0741, 0.0741, 0.0741, 0.0741, 0.0741, 0.0741], "weights_learned_HSGS": [[0.217740699868, 0.065688502559, 0.065688502559, 0.217740699868, 0.065688502559, -0.065688502559, -0.065688502559, 0.065688502559, 0.065688502559, -0.065688502559, -0.065688502559, 0.065688502559, 0.217740699868, 0.065688502559, 0.065688502559, 0.217740699868, -0.217740699868, -0.217740699868, -0.217740699868, -0.217740699868, -0.217740699868, -0.217740699868, -0.217740699868, -0.217740699868, -0.217740699868, -0.217740699868, -0.217740699868, -0.217740699868, -0.217740699868, -0.217740699868, -0.217740699868, -0.217740699868], [-0.014630038233, 0.20831348219, 0.20831348219, -0.20831348219, 0.20831348219, 0.20831348219, 0.014630038233, 0.20831348219, 0.20831348219, 0.20831348219, 0.014630038233, 0.20831348219, -0.20831348219, 0.014630038233, 0.20831348219, -0.20831348219, -0.20831348219, -0.20831348219, -0.20831348219, -0.014630038233, -0.20831348219, -0.20831348219, -0.20831348219, -0.20831348219, -0.014630038233, -0.20831348219, -0.014630038233, -0.014630038233, -0.20831348219, -0.20831348219, -0.014630038233, -0.20831348219]], "weights_learned_encoding": [[0.22126475323, 0.041671512617, 0.041671512617, 0.22126475323, 0.041671512617, -0.041671512617, -0.041671512617, 0.041671512617, 0.041671512617, -0.041671512617, -0.041671512617, 0.041671512617, 0.22126475323, 0.041671512617, 0.041671512617, 0.22126475323, -0.22126475323, -0.22126475323, -0.22126475323, -0.22126475323, -0.22126475323, -0.22126475323, -0.22126475323, -0.22126475323, -0.22126475323, -0.22126475323, -0.22126475323, -0.22126475323, -0.22126475323, -0.22126475323, -0.22126475323, -0.22126475323], [-0.16733549685, 0.180336579453, 0.180336579453, -0.180336579453, 0.180336579453, 0.180336579453, 0.16733549685, 0.180336579453, 0.180336579453, 0.180336579453, 0.16733549685, 0.180336579453, -0.180336579453, 0.16733549685, 0.180336579453, -0.180336579453, -0.180336579453, -0.180336579453, -0.180336579453, -0.16733549685, -0.180336579453, -0.180336579453, -0.180336579453, -0.180336579453, -0.16733549685, -0.180336579453, -0.16733549685, -0.16733549685, -0.180336579453, -0.180336579453, -0.16733549685, -0.180336579453]], "weights_learned_classic": [[0.221215480452, 0.042105249241, 0.042105249241, 0.221215480452, 0.042105249241, -0.042105249241, -0.042105249241, 0.042105249241, 0.042105249241, -0.042105249241, -0.042105249241, 0.042105249241, 0.221215480452, 0.042105249241, 0.042105249241, 0.221215480453, -0.221215480453, -0.221215480452, -0.221215480453, -0.221215480453, -0.221215480452, -0.221215480452, -0.221215480453, -0.221215480452, -0.221215480452, -0.221215480452, -0.221215480453, -0.221215480453, -0.221215480453, -0.221215480452, -0.221215480453, -0.221215480453], [-0.167282446719, 0.180355837549, 0.180355837549, -0.180355837549, 0.180355837549, 0.180355837549, 0.167282446719, 0.180355837549, 0.180355837549, 0.180355837549, 0.167282446719, 0.180355837549, -0.180355837549, 0.167282446719, 0.180355837549, -0.180355837549, -0.180355837549, -0.180355837549, -0.180355837549, -0.167282446719, -0.180355837549, -0.180355837549, -0.180355837549, -0.180355837549, -0.167282446719, -0.180355837549, -0.167282446719, -0.167282446719, -0.180355837549, -0.180355837549, -0.167282446719, -0.180355837549]], "weights_learned_classic_bin": [[0.217768205462, 0.065536360008, 0.065536360007, 0.217768205462, 0.065536360007, -0.065536360008, -0.065536360008, 0.065536360007, 0.065536360007, -0.065536360007, -0.065536360008, 0.065536360008, 0.217768205462, 0.065536360008, 0.065536360007, 0.217768205462, -0.217768205462, -0.217768205462, -0.217768205462, -0.217768205462, -0.217768205462, -0.217768205462, -0.217768205462, -0.217768205462, -0.217768205462, -0.217768205462, -0.217768205462, -0.217768205462, -0.217768205462, -0.217768205462, -0.217768205462, -0.217768205462], [-0.014556698265, 0.208315492632, 0.208315492632, -0.208315492632, 0.208315492632, 0.208315492632, 0.014556698265, 0.208315492632, 0.208315492632, 0.208315492632, 0.014556698265, 0.208315492632, -0.208315492632, 0.014556698265, 0.208315492632, -0.208315492632, -0.208315492632, -0.208315492632, -0.208315492632, -0.014556698265, -0.208315492632, -0.208315492632, -0.208315492632, -0.208315492632, -0.014556698265, -0.208315492632, -0.014556698265, -0.014556698265, -0.208315492632, -0.208315492632, -0.014556698265, -0.208315492632]]}