{"error_HSGS": [0.1481, 0.1481, 0.1111, 0.1852, 0.1111, 0.1852, 0.1852, 0.0741, 0.1852, 0.1481, 0.1481, 0.1481, 0.1481, 0.1481, 0.1852, 0.1852, 0.1111, 0.2222, 0.1111, 0.1111, 0.1111, 0.1852, 0.1481, 0.1481, 0.0741, 0.1852, 0.1111, 0.1481, 0.1111, 0.1481], "error_encoding": [0.0, 0.0, 0.0, 0.0, 0.0, 0.0, 0.0, 0.0, 0.0, 0.0, 0.0, 0.0, 0.0, 0.0, 0.0, 0.0, 0.0, 0.0, 0.0, 0.0, 0.0, 0.0, 0.0, 0.0, 0.0, 0.0, 0.0, 0.0, 0.0, 0.0], "error_classic": [0.0, 0.0, 0.0, 0.0, 0.0, 0.0, 0.0, 0.0, 0.0, 0.0, 0.0, 0.0, 0.0, 0.0, 0.0, 0.0, 0.0, 0.0, 0.0, 0.0, 0.0, 0.0, 0.0, 0.0, 0.0, 0.0, 0.0, 0.0, 0.0, 0.0], "error_classic_bin": [0.0741, 0.0741, 0.0741, 0.0741, 0.0741, 0.0741, 0.0741, 0.0741, 0.0741, 0.0741, 0.0741, 0.0741, 0.0741, 0.0741, 0.0741, 0.0741, 0.0741, 0.0741, 0.0741, 0.0741, 0.0741, 0.0741, 0.0741, 0.0741, 0.0741, 0.0741, 0.0741, 0.0741, 0.0741, 0.0741], "weights_learned_HSGS": [[0.217822368845, 0.065235670595, 0.065235670595, 0.217822368845, 0.065235670595, -0.065235670595, -0.065235670595, 0.065235670595, 0.065235670595, -0.065235670595, -0.065235670595, 0.065235670595, 0.217822368845, 0.065235670595, 0.065235670595, 0.217822368845, -0.217822368845, -0.217822368845, -0.217822368845, -0.217822368845, -0.217822368845, -0.217822368845, -0.217822368845, -0.217822368845, -0.217822368845, -0.217822368845, -0.217822368845, -0.217822368845, -0.217822368845, -0.217822368845, -0.217822368845, -0.217822368845], [-0.01545622234, 0.208290134889, 0.208290134889, -0.208290134889, 0.208290134889, 0.208290134889, 0.01545622234, 0.208290134889, 0.208290134889, 0.208290134889, 0.01545622234, 0.208290134889, -0.208290134889, 0.01545622234, 0.208290134889, -0.208290134889, -0.208290134889, -0.208290134889, -0.208290134889, -0.01545622234, -0.208290134889, -0.208290134889, -0.208290134889, -0.208290134889, -0.01545622234, -0.208290134889, -0.01545622234, -0.01545622234, -0.208290134889, -0.208290134889, -0.01545622234, -0.208290134889]], "weights_learned_encoding": [[0.221099384636, 0.043109591227, 0.043109591227, 0.221099384636, 0.043109591227, -0.043109591227, -0.043109591227, 0.043109591227, 0.043109591227, -0.043109591227, -0.043109591227, 0.043109591227, 0.221099384636, 0.043109591227, 0.043109591227, 0.221099384636, -0.221099384636, -0.221099384636, -0.221099384636, -0.221099384636, -0.221099384636, -0.221099384636, -0.221099384636, -0.221099384636, -0.221099384636, -0.221099384636, -0.221099384636, -0.221099384636, -0.221099384636, -0.221099384636, -0.221099384636, -0.221099384636], [-0.167258257374, 0.180364615982, 0.180364615982, -0.180364615982, 0.180364615982, 0.180364615982, 0.167258257374, 0.180364615982, 0.180364615982, 0.180364615982, 0.167258257374, 0.180364615982, -0.180364615982, 0.167258257374, 0.180364615982, -0.180364615982, -0.180364615982, -0.180364615982, -0.180364615982, -0.167258257374, -0.180364615982, -0.180364615982, -0.180364615982, -0.180364615982, -0.167258257374, -0.180364615982, -0.167258257374, -0.167258257374, -0.180364615982, -0.180364615982, -0.167258257374, -0.180364615982]], "weights_learned_classic": [[0.221215480452, 0.042105249241, 0.042105249241, 0.221215480452, 0.042105249241, -0.042105249241, -0.042105249241, 0.042105249241, 0.042105249241, -0.042105249241, -0.042105249241, 0.042105249241, 0.221215480452, 0.042105249241, 0.042105249241, 0.221215480453, -0.221215480453, -0.221215480452, -0.221215480453, -0.221215480453, -0.221215480452, -0.221215480452, -0.221215480453, -0.221215480452, -0.221215480452, -0.221215480452, -0.221215480453, -0.221215480453, -0.221215480453, -0.221215480452, -0.221215480453, -0.221215480453], [-0.167282446719, 0.180355837549, 0.180355837549, -0.180355837549, 0.180355837549, 0.180355837549, 0.167282446719, 0.180355837549, 0.180355837549, 0.180355837549, 0.167282446719, 0.180355837549, -0.180355837549, 0.167282446719, 0.180355837549, -0.180355837549, -0.180355837549, -0.180355837549, -0.180355837549, -0.167282446719, -0.180355837549, -0.180355837549, -0.180355837549, -0.180355837549, -0.167282446719, -0.180355837549, -0.167282446719, -0.167282446719, -0.180355837549, -0.180355837549, -0.167282446719, -0.180355837549]], "weights_learned_classic_bin": [[0.217768205462, 0.065536360008, 0.065536360007, 0.217768205462, 0.065536360007, -0.065536360008, -0.065536360008, 0.065536360007, 0.065536360007, -0.065536360007, -0.065536360008, 0.065536360008, 0.217768205462, 0.065536360008, 0.065536360007, 0.217768205462, -0.217768205462, -0.217768205462, -0.217768205462, -0.217768205462, -0.217768205462, -0.217768205462, -0.217768205462, -0.217768205462, -0.217768205462, -0.217768205462, -0.217768205462, -0.217768205462, -0.217768205462, -0.217768205462, -0.217768205462, -0.217768205462], [-0.014556698265, 0.208315492632, 0.208315492632, -0.208315492632, 0.208315492632, 0.208315492632, 0.014556698265, 0.208315492632, 0.208315492632, 0.208315492632, 0.014556698265, 0.208315492632, -0.208315492632, 0.014556698265, 0.208315492632, -0.208315492632, -0.208315492632, -0.208315492632, -0.208315492632, -0.014556698265, -0.208315492632, -0.208315492632, -0.208315492632, -0.208315492632, -0.014556698265, -0.208315492632, -0.014556698265, -0.014556698265, -0.208315492632, -0.208315492632, -0.014556698265, -0.208315492632]]}