{"error_HSGS": [0.1852, 0.1111, 0.1481, 0.1111, 0.1111, 0.2222, 0.1111, 0.1481, 0.1481, 0.1852, 0.0741, 0.0741, 0.037, 0.1481, 0.1481, 0.1852, 0.1111, 0.2222, 0.1852, 0.1111, 0.1852, 0.2222, 0.1481, 0.1111, 0.1481, 0.1111, 0.1111, 0.1111, 0.1481, 0.1481], "error_encoding": [0.1481, 0.1111, 0.1481, 0.1481, 0.1111, 0.1481, 0.1481, 0.1111, 0.1481, 0.1111, 0.1111, 0.1481, 0.1111, 0.1481, 0.1111, 0.1481, 0.1481, 0.1111, 0.1481, 0.1111, 0.1481, 0.1481, 0.1481, 0.1481, 0.1111, 0.1111, 0.1481, 0.1111, 0.1111, 0.1111], "error_classic": [0.1111, 0.1111, 0.1111, 0.1111, 0.1111, 0.1111, 0.1111, 0.1111, 0.1111, 0.1111, 0.1111, 0.1111, 0.1111, 0.1111, 0.1111, 0.1111, 0.1111, 0.1111, 0.1111, 0.1111, 0.1111, 0.1111, 0.1111, 0.1111, 0.1111, 0.1111, 0.1111, 0.1111, 0.1111, 0.1111], "error_classic_bin": [0.0741, 0.0741, 0.0741, 0.0741, 0.0741, 0.0741, 0.0741, 0.0741, 0.0741, 0.0741, 0.0741, 0.0741, 0.0741, 0.0741, 0.0741, 0.0741, 0.0741, 0.0741, 0.0741, 0.0741, 0.0741, 0.0741, 0.0741, 0.0741, 0.0741, 0.0741, 0.0741, 0.0741, 0.0741, 0.0741], "weights_learned_HSGS": [[0.118726771018, -0.118726771018, -0.353176520938, 0.118726771018, -0.353176520938, 0.118726771018, 0.118726771018, -0.353176520938, -0.353176520938, 0.353176520938, 0.118726771018, -0.118726771018, 0.118726771018, -0.118726771018, -0.353176520938, 0.353176520938], [0.118727184853, 0.353176342071, 0.118727184853, 0.118727184853, 0.353176342071, -0.118727184853, -0.353176342071, 0.353176342071, 0.353176342071, -0.118727184853, -0.353176342071, 0.118727184853, 0.118727184853, 0.353176342071, 0.118727184853, 0.118727184853], [-0.077687076986, 0.285169375442, 0.285169375442, -0.285169375442, 0.285169375442, 0.285169375442, 0.077687076986, 0.285169375442, 0.285169375442, 0.285169375442, 0.077687076986, 0.285169375442, -0.285169375442, 0.077687076986, 0.285169375442, -0.285169375442]], "weights_learned_encoding": [[0.270699169925, -0.270699169925, -0.220550491342, 0.270699169925, -0.220550491342, 0.270699169925, 0.270699169925, -0.220550491342, -0.220550491342, 0.220550491342, 0.270699169925, -0.270699169925, 0.270699169925, -0.270699169925, -0.220550491342, 0.220550491342], [0.270825029941, 0.220351741028, 0.270825029941, 0.270825029941, 0.220351741028, -0.270825029941, -0.220351741028, 0.220351741028, 0.220351741028, -0.270825029941, -0.220351741028, 0.270825029941, 0.270825029941, 0.220351741028, 0.270825029941, 0.270825029941], [-0.206032813093, 0.263027552377, 0.263027552377, -0.263027552377, 0.263027552377, 0.263027552377, 0.206032813093, 0.263027552377, 0.263027552377, 0.263027552377, 0.206032813093, 0.263027552377, -0.263027552377, 0.206032813093, 0.263027552377, -0.263027552377]], "weights_learned_classic": [[0.226740439414, -0.226740439414, -0.277050526132, 0.226740439414, -0.277050526132, 0.226740439414, 0.226740439414, -0.277050526132, -0.277050526132, 0.277050526132, 0.226740439414, -0.226740439414, 0.226740439414, -0.226740439414, -0.277050526132, 0.277050526132], [0.226740439414, 0.277050526132, 0.226740439414, 0.226740439414, 0.277050526132, -0.226740439414, -0.277050526132, 0.277050526132, 0.277050526132, -0.226740439414, -0.277050526132, 0.226740439414, 0.226740439414, 0.277050526132, 0.226740439414, 0.226740439414], [-0.205825749476, 0.263081584844, 0.263081584844, -0.263081584844, 0.263081584844, 0.263081584844, 0.205825749476, 0.263081584844, 0.263081584844, 0.263081584844, 0.205825749476, 0.263081584844, -0.263081584844, 0.205825749476, 0.263081584844, -0.263081584844]], "weights_learned_classic_bin": [[0.118657086573, -0.118657086573, -0.35320662958, 0.118657086573, -0.35320662958, 0.118657086573, 0.118657086573, -0.35320662958, -0.35320662958, 0.35320662958, 0.118657086573, -0.118657086573, 0.118657086573, -0.118657086573, -0.35320662958, 0.35320662958], [0.118657086573, 0.35320662958, 0.118657086573, 0.118657086573, 0.35320662958, -0.118657086573, -0.35320662958, 0.35320662958, 0.35320662958, -0.118657086573, -0.35320662958, 0.118657086573, 0.118657086573, 0.35320662958, 0.118657086573, 0.118657086573], [-0.076792507337, 0.28525013048, 0.28525013048, -0.28525013048, 0.28525013048, 0.28525013048, 0.076792507337, 0.28525013048, 0.28525013048, 0.28525013048, 0.076792507337, 0.28525013048, -0.28525013048, 0.076792507337, 0.28525013048, -0.28525013048]]}