{"error_HSGS": [0.2222, 0.2593, 0.2222, 0.1852, 0.1852, 0.1852, 0.2222, 0.1852, 0.2593, 0.2222, 0.2222, 0.1852, 0.2222, 0.2222, 0.2222, 0.2222, 0.2222, 0.2222, 0.2222, 0.2593, 0.1852, 0.1852, 0.2222, 0.1852, 0.2593, 0.2222, 0.1852, 0.2593, 0.1852, 0.2222], "error_encoding": [0.2222, 0.2222, 0.1852, 0.2222, 0.2222, 0.1852, 0.2222, 0.1852, 0.2222, 0.2222, 0.2222, 0.2222, 0.2222, 0.2222, 0.2222, 0.2222, 0.2222, 0.2222, 0.2222, 0.1852, 0.2222, 0.2593, 0.2222, 0.2222, 0.2222, 0.2222, 0.2222, 0.1852, 0.1852, 0.2222], "error_classic": [0.2593, 0.2593, 0.2593, 0.2593, 0.2593, 0.2593, 0.2593, 0.2593, 0.2593, 0.2593, 0.2593, 0.2593, 0.2593, 0.2593, 0.2593, 0.2593, 0.2593, 0.2593, 0.2593, 0.2593, 0.2593, 0.2593, 0.2593, 0.2593, 0.2593, 0.2593, 0.2593, 0.2593, 0.2593, 0.2593], "error_classic_bin": [0.1852, 0.1852, 0.1852, 0.1852, 0.1852, 0.1852, 0.1852, 0.1852, 0.1852, 0.1852, 0.1852, 0.1852, 0.1852, 0.1852, 0.1852, 0.1852, 0.1852, 0.1852, 0.1852, 0.1852, 0.1852, 0.1852, 0.1852, 0.1852, 0.1852, 0.1852, 0.1852, 0.1852, 0.1852, 0.1852], "weights_learned_HSGS": [[0.487278545236, 0.064703475829, 0.064703475829, 0.487278545236, 0.064703475829, -0.064703475829, -0.064703475829, 0.064703475829, 0.064703475829, -0.064703475829, -0.064703475829, 0.064703475829, 0.487278545236, 0.064703475829, 0.064703475829, 0.487278545236], [-0.29432040975, 0.29432040975, 0.097088063583, -0.29432040975, 0.29432040975, 0.29432040975, 0.097088063583, 0.29432040975, 0.29432040975, 0.29432040975, 0.097088063583, 0.097088063583, -0.29432040975, 0.29432040975, 0.097088063583, -0.29432040975]], "weights_learned_encoding": [[0.481294154216, 0.078221772581, 0.078221772581, 0.481294154216, 0.078221772581, -0.078221772581, -0.078221772581, 0.078221772581, 0.078221772581, -0.078221772581, -0.078221772581, 0.078221772581, 0.481294154216, 0.078221772581, 0.078221772581, 0.481294154216], [-0.243085955026, 0.243085955026, 0.26457566145, -0.243085955026, 0.243085955026, 0.243085955026, 0.26457566145, 0.243085955026, 0.243085955026, 0.243085955026, 0.26457566145, 0.26457566145, -0.243085955026, 0.243085955026, 0.26457566145, -0.243085955026]], "weights_learned_classic": [[0.4810963081, 0.078626421199, 0.078626421199, 0.4810963081, 0.078626421199, -0.078626421199, -0.078626421199, 0.078626421199, 0.078626421199, -0.078626421199, -0.078626421199, 0.078626421199, 0.4810963081, 0.078626421199, 0.078626421199, 0.481096308102], [-0.256473162111, 0.256473162111, 0.235132595904, -0.256473162111, 0.256473162111, 0.256473162111, 0.235132595904, 0.256473162111, 0.256473162111, 0.256473162111, 0.235132595904, 0.235132595904, -0.256473162111, 0.256473162111, 0.235132595904, -0.256473162111]], "weights_learned_classic_bin": [[0.487162540651, 0.064993997123, 0.06499399712, 0.487162540651, 0.06499399712, -0.064993997123, -0.064993997123, 0.06499399712, 0.06499399712, -0.06499399712, -0.064993997123, 0.064993997123, 0.487162540651, 0.064993997123, 0.06499399712, 0.487162540654], [-0.294153459384, 0.294153459384, 0.098194873246, -0.294153459384, 0.294153459384, 0.294153459384, 0.098194873246, 0.294153459384, 0.294153459384, 0.294153459384, 0.098194873246, 0.098194873246, -0.294153459384, 0.294153459384, 0.098194873246, -0.294153459384]]}