{"error_HSGS": [0.037, 0.0, 0.037, 0.0, 0.0, 0.037, 0.0, 0.037, 0.0, 0.0, 0.0, 0.0, 0.0, 0.0, 0.037, 0.0, 0.0, 0.037, 0.0, 0.0, 0.0, 0.0, 0.037, 0.0, 0.037, 0.0, 0.0, 0.037, 0.037, 0.037], "error_encoding": [0.0, 0.0, 0.0, 0.0, 0.0, 0.0, 0.0, 0.0, 0.0, 0.0, 0.0, 0.0, 0.0, 0.0, 0.0, 0.0, 0.0, 0.0, 0.0, 0.0, 0.0, 0.0, 0.0, 0.0, 0.0, 0.0, 0.0, 0.0, 0.0, 0.0], "error_classic": [0.0, 0.0, 0.0, 0.0, 0.0, 0.0, 0.0, 0.0, 0.0, 0.0, 0.0, 0.0, 0.0, 0.0, 0.0, 0.0, 0.0, 0.0, 0.0, 0.0, 0.0, 0.0, 0.0, 0.0, 0.0, 0.0, 0.0, 0.0, 0.0, 0.0], "error_classic_bin": [0.037, 0.037, 0.037, 0.037, 0.037, 0.037, 0.037, 0.037, 0.037, 0.037, 0.037, 0.037, 0.037, 0.037, 0.037, 0.037, 0.037, 0.037, 0.037, 0.037, 0.037, 0.037, 0.037, 0.037, 0.037, 0.037, 0.037, 0.037, 0.037, 0.037], "weights_learned_HSGS": [[0.037158038305, -0.037158038305, -0.247223138459, 0.037158038305, -0.247223138459, 0.037158038305, 0.037158038305, -0.247223138459, -0.247223138459, 0.247223138459, 0.037158038305, -0.037158038305, 0.037158038305, -0.037158038305, -0.247223138459, 0.247223138459, -0.247223138459, -0.037158038305, -0.247223138459, -0.247223138459, -0.037158038305, -0.037158038305, -0.247223138459, -0.037158038305, -0.037158038305, -0.037158038305, -0.247223138459, -0.247223138459, -0.247223138459, -0.037158038305, -0.247223138459, -0.247223138459], [0.055151865434, 0.201625289203, 0.201625289203, 0.055151865434, 0.201625289203, -0.055151865434, -0.055151865434, 0.201625289203, 0.201625289203, -0.055151865434, -0.055151865434, 0.201625289203, 0.055151865434, 0.201625289203, 0.201625289203, 0.055151865434, -0.201625289203, -0.201625289203, -0.201625289203, -0.201625289203, -0.201625289203, -0.201625289203, -0.201625289203, -0.201625289203, -0.201625289203, -0.201625289203, -0.201625289203, -0.201625289203, -0.201625289203, -0.201625289203, -0.201625289203, -0.201625289203]], "weights_learned_encoding": [[0.182543286294, -0.182543286294, -0.170815539776, 0.182543286294, -0.170815539776, 0.182543286294, 0.182543286294, -0.170815539776, -0.170815539776, 0.170815539776, 0.182543286294, -0.182543286294, 0.182543286294, -0.182543286294, -0.170815539776, 0.170815539776, -0.170815539776, -0.182543286294, -0.170815539776, -0.170815539776, -0.182543286294, -0.182543286294, -0.170815539776, -0.182543286294, -0.182543286294, -0.182543286294, -0.170815539776, -0.170815539776, -0.170815539776, -0.182543286294, -0.170815539776, -0.170815539776], [0.028960092434, 0.203438207691, 0.203438207691, 0.028960092434, 0.203438207691, -0.028960092434, -0.028960092434, 0.203438207691, 0.203438207691, -0.028960092434, -0.028960092434, 0.203438207691, 0.028960092434, 0.203438207691, 0.203438207691, 0.028960092434, -0.203438207691, -0.203438207691, -0.203438207691, -0.203438207691, -0.203438207691, -0.203438207691, -0.203438207691, -0.203438207691, -0.203438207691, -0.203438207691, -0.203438207691, -0.203438207691, -0.203438207691, -0.203438207691, -0.203438207691, -0.203438207691]], "weights_learned_classic": [[0.170798097696, -0.170798097696, -0.18255960622, 0.170798097696, -0.18255960622, 0.170798097696, 0.170798097696, -0.18255960622, -0.18255960622, 0.18255960622, 0.170798097696, -0.170798097696, 0.170798097696, -0.170798097696, -0.18255960622, 0.18255960622, -0.18255960622, -0.170798097696, -0.18255960622, -0.18255960622, -0.170798097696, -0.170798097696, -0.18255960622, -0.170798097696, -0.170798097696, -0.170798097696, -0.18255960622, -0.18255960622, -0.18255960622, -0.170798097696, -0.18255960622, -0.18255960622], [0.027706041008, 0.203496417079, 0.203496417079, 0.027706041008, 0.203496417079, -0.027706041008, -0.027706041008, 0.203496417079, 0.203496417079, -0.027706041008, -0.027706041008, 0.203496417079, 0.027706041008, 0.203496417078, 0.203496417079, 0.027706041008, -0.203496417079, -0.203496417079, -0.203496417079, -0.203496417078, -0.203496417079, -0.203496417079, -0.203496417079, -0.203496417079, -0.203496417078, -0.203496417079, -0.203496417078, -0.203496417078, -0.203496417079, -0.203496417079, -0.203496417078, -0.203496417079]], "weights_learned_classic_bin": [[0.037158038305, -0.037158038305, -0.247223138459, 0.037158038305, -0.247223138459, 0.037158038305, 0.037158038305, -0.247223138459, -0.247223138459, 0.247223138459, 0.037158038305, -0.037158038305, 0.037158038305, -0.037158038305, -0.247223138459, 0.247223138459, -0.247223138459, -0.037158038305, -0.247223138459, -0.247223138459, -0.037158038305, -0.037158038305, -0.247223138459, -0.037158038305, -0.037158038305, -0.037158038305, -0.247223138459, -0.247223138459, -0.247223138459, -0.037158038305, -0.247223138459, -0.247223138459], [0.054668855854, 0.201669131831, 0.201669131831, 0.054668855854, 0.201669131831, -0.054668855854, -0.054668855854, 0.201669131831, 0.201669131831, -0.054668855854, -0.054668855854, 0.201669131831, 0.054668855854, 0.201669131829, 0.201669131831, 0.054668855854, -0.201669131831, -0.201669131831, -0.201669131831, -0.201669131829, -0.201669131831, -0.201669131831, -0.201669131831, -0.201669131831, -0.201669131829, -0.201669131831, -0.201669131829, -0.201669131829, -0.201669131831, -0.201669131831, -0.201669131829, -0.201669131831]]}